Time, PositionX, PositionZ, PositionY, CollisionCounting, Braking, Velocity, SteerAngle, deviance
0,3.6,-0.1244,.,.,False,0,0,False
0,3.6,-0.1244,.,.,False,0,0,False
0.01999998,3.6,-0.1244,.,.,False,0,0,False
0.03244781,3.6,-0.1244,.,.,False,0.7056137,0,False
0.03669429,3.6,-0.1244,.,.,False,0.7056137,0,False
0.04724526,3.6,-0.1244,.,.,False,1.410522,0,False
0.05586982,3.6,-0.1244,.,.,False,1.410522,0,False
0.06977558,3.6,-0.1244,.,.,False,2.114725,0,False
0.08009052,3.6,-0.1244,.,.,False,2.114725,0,False
0.09245276,3.6,-0.1244,.,.,False,2.818224,0,False
0.1060882,3.6,-0.1244,.,.,False,3.52102,0,False
0.1183207,3.6,-0.1244,.,.,False,3.52102,0,False
0.1284027,3.6,-0.1244,.,.,False,4.223112,0,False
0.1404512,3.6,-0.1244,.,.,False,4.223112,0,False
0.1527705,3.6,-0.1244,.,.,False,4.924503,0,False
0.1626453,3.6,-0.1244,.,.,False,5.625192,0,False
0.1750968,3.6,-0.1244,.,.,False,5.625192,0,False
0.1875021,3.6,-0.1244,.,.,False,6.325181,0,False
0.1970773,3.6,-0.1244,.,.,False,6.325181,0,False
0.2088807,3.6,-0.1244,.,.,False,5.124021,0,False
0.221442,3.6,-0.1244,.,.,False,3.772373,0,False
0.233309,3.6,-0.1244,.,.,False,3.772373,0,False
0.2431993,3.6,-0.1244,.,.,False,2.928345,0,False
0.2547858,3.6,-0.1244,.,.,False,2.928345,0,False
0.2670984,3.6,-0.1244,.,.,False,2.373115,0,False
0.2773621,3.6,-0.1244,.,.,False,2.373115,0,False
0.2892454,3.6,-0.1244,.,.,False,2.007851,0,False
0.3012874,3.6,-0.1244,.,.,False,1.753508,0,False
0.3112245,3.6,-0.1244,.,.,False,1.753508,0,False
0.323128,3.6,-0.1244,.,.,False,1.553434,0,False
0.3352554,3.6,-0.1244,.,.,False,1.553434,0,False
0.3449006,3.6,-0.1244,.,.,False,1.396468,0,False
0.3567398,3.6,-0.1244,.,.,False,1.396468,0,False
0.3701093,3.6,-0.1244,.,.,False,1.267453,0,False
0.3800166,3.6,-0.1244,.,.,False,1.267453,0,False
0.3919079,3.6,-0.1244,.,.,False,1.114928,0,False
0.4047897,3.6,-0.1244,.,.,False,0.9604859,0,False
0.4147096,3.6,-0.1244,.,.,False,0.9604859,0,False
0.4260783,3.6,-0.1244,.,.,False,0.8133266,0,False
0.4383154,3.6,-0.1244,.,.,False,0.8133266,0,False
0.4509013,3.6,-0.1244,.,.,False,0.6784275,0,False
0.4613492,3.6,-0.1244,.,.,False,0.5582989,0,False
0.4736555,3.6,-0.1244,.,.,False,0.5582989,0,False
0.4860287,3.6,-0.1244,.,.,False,0.4536884,0,False
0.4960582,3.6,-0.1244,.,.,False,0.4536884,0,False
0.5076051,3.6,-0.1244,.,.,False,0.3643056,0,False
0.519774,3.6,-0.1244,.,.,False,0.3643056,0,False
0.5297425,3.6,-0.1244,.,.,False,0.2891498,0,False
0.5414255,3.6,-0.1244,.,.,False,0.2268472,0,False
0.5537441,3.6,-0.1244,.,.,False,0.2268472,0,False
0.5632741,3.6,-0.1244,.,.,False,0.1758817,0,False
0.5749125,3.6,-0.1244,.,.,False,0.1758817,0,False
0.5872138,3.6,-0.1244,.,.,False,0.1346931,0,False
0.5970211,3.6,-0.1244,.,.,False,0.1346931,0,False
0.6092987,3.6,-0.1244,.,.,False,0.1017919,0,False
0.6214402,3.6,-0.1244,.,.,False,0.07581325,0,False
0.63135,3.6,-0.1244,.,.,False,0.07581325,0,False
0.6435499,3.6,-0.1244,.,.,False,0.05554729,0,False
0.6549385,3.6,-0.1244,.,.,False,0.05554729,0,False
0.6670728,3.6,-0.1244,.,.,False,0.0399242,0,False
0.6770887,3.6,-0.1244,.,.,False,0.0399242,0,False
0.6891696,3.6,-0.1244,.,.,False,0.02801627,0,False
0.7014785,3.6,-0.1244,.,.,False,0.01908574,0,False
0.7109883,3.6,-0.1244,.,.,False,0.01908574,0,False
0.7226818,3.6,-0.1244,.,.,False,0.01247507,0,False
0.7353578,3.6,-0.1244,.,.,False,0.01247507,0,False
0.7447343,3.6,-0.1244,.,.,False,0.007678505,0,False
0.7562718,3.6,-0.1244,.,.,False,0.007678505,0,False
0.7685666,3.6,-0.1244,.,.,False,0.004263556,0,False
0.778722,3.6,-0.1244,.,.,False,0.004263556,0,False
0.7901497,3.6,-0.1244,.,.,False,0.001892175,0,False
0.802552,3.6,-0.1244,.,.,False,0.0003066986,0,False
0.8122702,3.6,-0.1244,.,.,False,0.0003066986,0,False
0.824404,3.6,-0.1244,.,.,False,0.0007035902,0,False
0.8365734,3.6,-0.1244,.,.,False,0.0007035902,0,False
0.8461559,3.6,-0.1244,.,.,False,0.001297963,0,False
0.8581517,3.6,-0.1244,.,.,False,0.001297963,0,False
0.8703532,3.6,-0.1244,.,.,False,0.001614897,0,False
0.8802915,3.6,-0.1244,.,.,False,0.001614897,0,False
0.8916337,3.6,-0.1244,.,.,False,0.001710556,0,False
0.9041519,3.6,-0.1244,.,.,False,0.001701178,0,False
0.9136763,3.6,-0.1244,.,.,False,0.001701178,0,False
0.925375,3.6,-0.1244,.,.,False,0,0,False
0.9376154,3.6,-0.1244,.,.,False,0,0,False
0.9473543,3.6,-0.1244,.,.,False,0,0,False
0.9591007,3.6,-0.1244,.,.,False,0,0,False
0.9712734,3.6,-0.1244,.,.,False,0,0,False
0.9835181,3.6,-0.1244,.,.,False,0,0,False
0.9932427,3.6,-0.1244,.,.,False,0,0,False
1.005391,3.6,-0.1244,.,.,False,0,0,False
1.017579,3.6,-0.1244,.,.,False,0,0,False
1.027662,3.6,-0.1244,.,.,False,0,0,False
1.039414,3.6,-0.1244,.,.,False,0,0,False
1.051793,3.6,-0.1244,.,.,False,0,0,False
1.061232,3.6,-0.1244,.,.,False,0,0,False
1.077348,3.6,-0.1244,.,.,False,0,0,False
1.094185,3.6,-0.1244,.,.,False,0,0,False
1.101613,3.6,-0.1244,.,.,False,0,0,False
1.111751,3.6,-0.1244,.,.,False,0,0,False
1.121401,3.6,-0.1244,.,.,False,0,0,False
1.131079,3.6,-0.1244,.,.,False,0,0,False
1.143857,3.6,-0.1244,.,.,False,0,0,False
1.156547,3.6,-0.1244,.,.,False,0,0,False
1.16853,3.6,-0.1244,.,.,False,0,0,False
1.178412,3.6,-0.1244,.,.,False,0,0,False
1.190249,3.6,-0.1244,.,.,False,0,0,False
1.20262,3.6,-0.1244,.,.,False,0,0,False
1.21242,3.6,-0.1244,.,.,False,0,0,False
1.223986,3.6,-0.1244,.,.,False,0,0,False
1.236194,3.6,-0.1244,.,.,False,0,0,False
1.246953,3.6,-0.1244,.,.,False,0,0,False
1.270339,3.6,-0.1244,.,.,False,0,0,False
1.276302,3.6,-0.1244,.,.,False,0,0,False
1.288774,3.6,-0.1244,.,.,False,0,0,False
1.294222,3.6,-0.1244,.,.,False,0,0,False
1.307741,3.6,-0.1244,.,.,False,0,0,False
1.321417,3.6,-0.1244,.,.,False,0,0,False
1.3313,3.6,-0.1244,.,.,False,0,0,False
1.343575,3.6,-0.1244,.,.,False,0,0,False
1.357185,3.6,-0.1244,.,.,False,0,0,False
1.370171,3.6,-0.1244,.,.,False,0,0,False
1.380235,3.6,-0.1244,.,.,False,0,0,False
1.391837,3.6,-0.1244,.,.,False,0,0,False
1.401986,3.6,-0.1244,.,.,False,0,0,False
1.416589,3.6,-0.1244,.,.,False,0,0,False
1.426436,3.6,-0.1244,.,.,False,0,0,False
1.438282,3.6,-0.1244,.,.,False,0,0,False
1.45054,3.6,-0.1244,.,.,False,0,0,False
1.460359,3.6,-0.1244,.,.,False,0,0,False
1.473263,3.6,-0.1244,.,.,False,0,0,False
1.485526,3.6,-0.1244,.,.,False,0,0,False
1.495474,3.6,-0.1244,.,.,False,0,0,False
1.508736,3.6,-0.1244,.,.,False,0,0,False
1.518447,3.6,-0.1244,.,.,False,0,0,False
1.534172,3.6,-0.1244,.,.,False,0,0,False
1.543985,3.6,-0.1244,.,.,False,0,0,False
1.556288,3.6,-0.1244,.,.,False,0,0,False
1.56881,3.6,-0.1244,.,.,False,0,0,False
1.57963,3.6,-0.1244,.,.,False,0,0,False
1.60193,3.6,-0.1244,.,.,False,0,0,False
1.606854,3.6,-0.1244,.,.,False,0,0,False
1.618867,3.6,-0.1244,.,.,False,0,0,False
1.624377,3.6,-0.1244,.,.,False,0,0,False
1.638926,3.6,-0.1244,.,.,False,0,0,False
1.648592,3.6,-0.1244,.,.,False,0,0,False
1.661044,3.6,-0.1244,.,.,False,0,0,False
1.673807,3.6,-0.1244,.,.,False,0,0,False
1.686107,3.6,-0.1244,.,.,False,0,0,False
1.695457,3.6,-0.1244,.,.,False,0,0,False
1.707711,3.6,-0.1244,.,.,False,0,0,False
1.719524,3.6,-0.1244,.,.,False,0,0,False
1.729351,3.6,-0.1244,.,.,False,0,0,False
1.741023,3.6,-0.1244,.,.,False,0,0,False
1.753379,3.6,-0.1244,.,.,False,0,0,False
1.762933,3.6,-0.1244,.,.,False,0,0,False
1.775031,3.6,-0.1244,.,.,False,0,0,False
1.787276,3.6,-0.1244,.,.,False,0,0,False
1.796956,3.6,-0.1244,.,.,False,0,0,False
1.809183,3.6,-0.1244,.,.,False,0,0,False
1.823764,3.6,-0.1244,.,.,False,0,0,False
1.835627,3.6,-0.1244,.,.,False,0,0,False
1.845542,3.6,-0.1244,.,.,False,0,0,False
1.857462,3.6,-0.1244,.,.,False,0,0,False
1.871932,3.6,-0.1244,.,.,False,0,0,False
1.881653,3.6,-0.1244,.,.,False,0,0,False
1.894919,3.6,-0.1244,.,.,False,0,0,False
1.907526,3.6,-0.1244,.,.,False,0,0,False
1.920568,3.6,-0.1244,.,.,False,0,0,False
1.930166,3.6,-0.1244,.,.,False,0,0,False
1.942173,3.6,-0.1244,.,.,False,0,0,False
1.951994,3.6,-0.1244,.,.,False,0,0,False
1.966606,3.6,-0.1244,.,.,False,0,0,False
1.976352,3.6,-0.1244,.,.,False,0,0,False
1.988665,3.6,-0.1244,.,.,False,0,0,False
2.000624,3.6,-0.1244,.,.,False,0,0,False
2.010661,3.6,-0.1244,.,.,False,0,0,False
2.022565,3.6,-0.1244,.,.,False,0,0,False
2.035146,3.6,-0.1244,.,.,False,0,0,False
2.044665,3.6,-0.1244,.,.,False,0,0,False
2.058569,3.6,-0.1244,.,.,False,0,0,False
2.070345,3.6,-0.1244,.,.,False,0,0,False
2.080159,3.6,-0.1244,.,.,False,0,0,False
2.093124,3.6,-0.1244,.,.,False,0,0,False
2.102859,3.6,-0.1244,.,.,False,0,0,False
2.117129,3.6,-0.1244,.,.,False,0,0,False
2.127087,3.6,-0.1244,.,.,False,0,0,False
2.138788,3.6,-0.1244,.,.,False,0,0,False
2.151118,3.6,-0.1244,.,.,False,0,0,False
2.161047,3.6,-0.1244,.,.,False,0,0,False
2.173134,3.6,-0.1244,.,.,False,0,0,False
2.185865,3.6,-0.1244,.,.,False,0,0,False
2.195776,3.6,-0.1244,.,.,False,0,0,False
2.207459,3.6,-0.1244,.,.,False,0,0,False
2.220822,3.6,-0.1244,.,.,False,0,0,False
2.230733,3.6,-0.1244,.,.,False,0,0,False
2.243162,3.6,-0.1244,.,.,False,0,0,False
2.256701,3.6,-0.1244,.,.,False,0,0,False
2.270135,3.6,-0.1244,.,.,False,0,0,False
2.280253,3.6,-0.1244,.,.,False,0,0,False
2.292836,3.6,-0.1244,.,.,False,0,0,False
2.302913,3.6,-0.1244,.,.,False,0,0,False
2.319997,3.6,-0.1244,.,.,False,0,0,False
2.330831,3.6,-0.1244,.,.,False,0,0,False
2.342057,3.6,-0.1244,.,.,False,0,0,False
2.352012,3.6,-0.1244,.,.,False,0,0,False
2.36892,3.6,-0.1244,.,.,False,0,0,False
2.379799,3.6,-0.1244,.,.,False,0,0,False
2.391183,3.6,-0.1244,.,.,False,0,0,False
2.404802,3.6,-0.1244,.,.,False,0,0,False
2.414588,3.6,-0.1244,.,.,False,0,0,False
2.427026,3.6,-0.1244,.,.,False,0,0,False
2.441659,3.6,-0.1244,.,.,False,0,0,False
2.454737,3.6,-0.1244,.,.,False,0,0,False
2.464312,3.6,-0.1244,.,.,False,0,0,False
2.47674,3.6,-0.1244,.,.,False,0,0,False
2.490554,3.6,-0.1244,.,.,False,0,0,False
2.503868,3.6,-0.1244,.,.,False,0,0,False
2.512951,3.6,-0.1244,.,.,False,0,0,False
2.525851,3.6,-0.1244,.,.,False,0,0,False
2.536495,3.6,-0.1244,.,.,False,0,0,False
2.553937,3.6,-0.1244,.,.,False,0,0,False
2.565683,3.6,-0.1244,.,.,False,0,0,False
2.576559,3.6,-0.1244,.,.,False,0,0,False
2.586878,3.6,-0.1244,.,.,False,0,0,False
2.60364,3.6,-0.1244,.,.,False,0,0,False
2.613529,3.6,-0.1244,.,.,False,0,0,False
2.627446,3.6,-0.1244,.,.,False,0,0,False
2.637305,3.6,-0.1244,.,.,False,0,0,False
2.654647,3.6,-0.1244,.,.,False,0,0,False
2.664752,3.6,-0.1244,.,.,False,0,0,False
2.677406,3.6,-0.1244,.,.,False,0,0,False
2.691618,3.6,-0.1244,.,.,False,0,0,False
2.705295,3.6,-0.1244,.,.,False,0,0,False
2.714187,3.6,-0.1244,.,.,False,0,0,False
2.727142,3.6,-0.1244,.,.,False,0,0,False
2.740864,3.6,-0.1244,.,.,False,0,0,False
2.754363,3.6,-0.1244,.,.,False,0,0,False
2.766369,3.6,-0.1244,.,.,False,0,0,False
2.776054,3.6,-0.1244,.,.,False,0,0,False
2.789005,3.6,-0.1244,.,.,False,0,0,False
2.801183,3.6,-0.1244,.,.,False,0,0,False
2.810828,3.6,-0.1244,.,.,False,0,0,False
2.822984,3.6,-0.1244,.,.,False,0,0,False
2.835235,3.6,-0.1244,.,.,False,0,0,False
2.845204,3.6,-0.1244,.,.,False,0,0,False
2.856529,3.6,-0.1244,.,.,False,0,0,False
2.868691,3.6,-0.1244,.,.,False,0,0,False
2.878655,3.6,-0.1244,.,.,False,0,0,False
2.890085,3.6,-0.1244,.,.,False,0,0,False
2.902533,3.6,-0.1244,.,.,False,0,0,False
2.91245,3.6,-0.1244,.,.,False,0,0,False
2.924558,3.6,-0.1244,.,.,False,0,0,False
2.936445,3.6,-0.1244,.,.,False,0,0,False
2.946776,3.6,-0.1244,.,.,False,0,0,False
2.958217,3.6,-0.1244,.,.,False,0,0,False
2.970625,3.6,-0.1244,.,.,False,0,0,False
2.982498,3.6,-0.1244,.,.,False,0,0,False
2.992253,3.6,-0.1244,.,.,False,0,0,False
3.004548,3.6,-0.1244,.,.,False,0,0,False
3.014355,3.6,-0.1244,.,.,False,0,0,False
3.02609,3.6,-0.1244,.,.,False,0,0,False
3.038685,3.6,-0.1244,.,.,False,0,0,False
3.050836,3.6,-0.1244,.,.,False,0,0,False
3.060637,3.6,-0.1244,.,.,False,0,0,False
3.072402,3.6,-0.1244,.,.,False,0,0,False
3.084691,3.6,-0.1244,.,.,False,0,0,False
3.094325,3.6,-0.1244,.,.,False,0,0,False
3.106162,3.6,-0.1244,.,.,False,0,0,False
3.118457,3.6,-0.1244,.,.,False,0,0,False
3.128252,3.6,-0.1244,.,.,False,0,0,False
3.140024,3.6,-0.1244,.,.,False,0,0,False
3.152118,3.6,-0.1244,.,.,False,0,0,False
3.161984,3.6,-0.1244,.,.,False,0,0,False
3.174056,3.6,-0.1244,.,.,False,0,0,False
3.186865,3.6,-0.1244,.,.,False,0,0,False
3.196553,3.6,-0.1244,.,.,False,0,0,False
3.208646,3.6,-0.1244,.,.,False,0,0,False
3.221278,3.6,-0.1244,.,.,False,0,0,False
3.230849,3.6,-0.1244,.,.,False,0,0,False
3.243034,3.6,-0.1244,.,.,False,0,0,False
3.255651,3.6,-0.1244,.,.,False,0,0,False
3.268001,3.6,-0.1244,.,.,False,0,0,False
3.277722,3.6,-0.1244,.,.,False,0,0,False
3.290166,3.6,-0.1244,.,.,False,0,0,False
3.30254,3.6,-0.1244,.,.,False,0,0,False
3.312744,3.6,-0.1244,.,.,False,0,0,False
3.324037,3.6,-0.1244,.,.,False,0,0,False
3.336699,3.6,-0.1244,.,.,False,0,0,False
3.346481,3.6,-0.1244,.,.,False,0,0,False
3.358176,3.6,-0.1244,.,.,False,0,0,False
3.370297,3.6,-0.1244,.,.,False,0,0,False
3.380126,3.6,-0.1244,.,.,False,0,0,False
3.391773,3.6,-0.1244,.,.,False,0,0,False
3.404132,3.6,-0.1244,.,.,False,0,0,False
3.413533,3.6,-0.1244,.,.,False,0,0,False
3.425464,3.6,-0.1244,.,.,False,0,0,False
3.437587,3.6,-0.1244,.,.,False,0,0,False
3.447301,3.6,-0.1244,.,.,False,0,0,False
3.459149,3.6,-0.1244,.,.,False,0,0,False
3.471348,3.6,-0.1244,.,.,False,0,0,False
3.483553,3.6,-0.1244,.,.,False,0,0,False
3.493199,3.6,-0.1244,.,.,False,0,0,False
3.505001,3.6,-0.1244,.,.,False,0,0,False
3.517376,3.6,-0.1244,.,.,False,0,0,False
3.527099,3.6,-0.1244,.,.,False,0,0,False
3.539388,3.6,-0.1244,.,.,False,0,0,False
3.551667,3.6,-0.1244,.,.,False,0,0,False
3.561532,3.6,-0.1244,.,.,False,0,0,False
3.573171,3.6,-0.1244,.,.,False,0,0,False
3.585536,3.6,-0.1244,.,.,False,0,0,False
3.59531,3.6,-0.1244,.,.,False,0,0,False
3.607399,3.6,-0.1244,.,.,False,0,0,False
3.619289,3.6,-0.1244,.,.,False,0,0,False
3.629459,3.6,-0.1244,.,.,False,0,0,False
3.640868,3.6,-0.1244,.,.,False,0,0,False
3.653233,3.6,-0.1244,.,.,False,0,0,False
3.662946,3.6,-0.1244,.,.,False,0,0,False
3.674636,3.6,-0.1244,.,.,False,0,0,False
3.686775,3.6,-0.1244,.,.,False,0,0,False
3.696642,3.6,-0.1244,.,.,False,0,0,False
3.708594,3.6,-0.1244,.,.,False,0,0,False
3.72114,3.6,-0.1244,.,.,False,0,0,False
3.731005,3.6,-0.1244,.,.,False,0,0,False
3.742808,3.6,-0.1244,.,.,False,0,0,False
3.754886,3.6,-0.1244,.,.,False,0,0,False
3.767455,3.6,-0.1244,.,.,False,0,0,False
3.7771,3.6,-0.1244,.,.,False,0,0,False
3.789401,3.6,-0.1244,.,.,False,0,0,False
3.801532,3.6,-0.1244,.,.,False,0,0,False
3.811348,3.6,-0.1244,.,.,False,0,0,False
3.822891,3.6,-0.1244,.,.,False,0,0,False
3.83529,3.6,-0.1244,.,.,False,0,0,False
3.84499,3.6,-0.1244,.,.,False,0,0,False
3.856701,3.6,-0.1244,.,.,False,0,0,False
3.869048,3.6,-0.1244,.,.,False,0,0,False
3.879031,3.6,-0.1244,.,.,False,0,0,False
3.890703,3.6,-0.1244,.,.,False,0,0,False
3.903072,3.6,-0.1244,.,.,False,0,0,False
3.912489,3.6,-0.1244,.,.,False,0,0,False
3.92445,3.6,-0.1244,.,.,False,0,0,False
3.936661,3.6,-0.1244,.,.,False,0,0,False
3.946357,3.6,-0.1244,.,.,False,0,0,False
3.958199,3.6,-0.1244,.,.,False,0,0,False
3.970523,3.6,-0.1244,.,.,False,0,0,False
3.980655,3.6,-0.1244,.,.,False,0,0,False
3.992049,3.6,-0.1244,.,.,False,0,0,False
4.004293,3.6,-0.1244,.,.,False,0,0,False
4.013953,3.6,-0.1244,.,.,False,0,0,False
4.025952,3.6,-0.1244,.,.,False,0,0,False
4.03827,3.6,-0.1244,.,.,False,0,0,False
4.050094,3.6,-0.1244,.,.,False,0,0,False
4.059886,3.6,-0.1244,.,.,False,0,0,False
4.071587,3.6,-0.1244,.,.,False,0,0,False
4.083916,3.6,-0.1244,.,.,False,0,0,False
4.093609,3.6,-0.1244,.,.,False,0,0,False
4.105602,3.6,-0.1244,.,.,False,0,0,False
4.117667,3.6,-0.1244,.,.,False,0,0,False
4.127559,3.6,-0.1244,.,.,False,0,0,False
4.139313,3.6,-0.1244,.,.,False,0,0,False
4.151902,3.6,-0.1244,.,.,False,0,0,False
4.161385,3.6,-0.1244,.,.,False,0,0,False
4.173051,3.6,-0.1244,.,.,False,0,0,False
4.185401,3.6,-0.1243999,.,.,False,0,0,False
4.195819,3.6,-0.1243999,.,.,False,0,0,False
4.207211,3.6,-0.1243998,.,.,False,0.1354775,0,False
4.219636,3.6,-0.1243998,.,.,False,0.1354775,0,False
4.229798,3.6,-0.1243998,.,.,False,0.072396,0,False
4.241486,3.6,-0.1243997,.,.,False,0.03460903,0,False
4.253857,3.6,-0.1243997,.,.,False,0.03460903,0,False
4.26413,3.6,-0.1243997,.,.,False,0.001824865,0,False
4.282195,3.6,-0.1243997,.,.,False,0.01259297,0,False
4.294338,3.6,-0.1243997,.,.,False,0.01259297,0,False
4.306506,3.6,-0.1243997,.,.,False,0.02093798,0,False
4.312294,3.6,-0.1243997,.,.,False,0.02093798,0,False
4.324948,3.6,-0.1243997,.,.,False,0.0256495,0,False
4.337662,3.6,-0.1243997,.,.,False,0.0256495,0,False
4.358445,3.6,-0.1243997,.,.,False,0.0272876,0,False
4.365135,3.6,-0.1243997,.,.,False,0.02567099,0,False
4.376819,3.6,-0.1243997,.,.,False,0.02567099,0,False
4.386951,3.6,-0.1243997,.,.,False,0.02482973,0,False
4.398095,3.6,-0.1243997,.,.,False,0.02482973,0,False
4.409355,3.6,-0.1243996,.,.,False,0.02105888,0,False
4.421068,3.6,-0.1243996,.,.,False,0.01845744,0,False
4.434949,3.6,-0.1243996,.,.,False,0.01845744,0,False
4.444613,3.6,-0.1243996,.,.,False,0.01655985,0,False
4.456252,3.6,-0.1243996,.,.,False,0.01655985,0,False
4.468533,3.6,-0.1243996,.,.,False,0.01404522,0,False
4.478288,3.6,-0.1243996,.,.,False,0.01404522,0,False
4.489921,3.6,-0.1243996,.,.,False,0.0110754,0,False
4.501936,3.6,-0.1243996,.,.,False,0.009409158,0,False
4.511846,3.6,-0.1243996,.,.,False,0.009409158,0,False
4.523345,3.6,-0.1243996,.,.,False,0.006868646,0,False
4.536019,3.6,-0.1243996,.,.,False,0.006868646,0,False
4.545979,3.6,-0.1243996,.,.,False,0.00519019,0,False
4.557519,3.6,-0.1243996,.,.,False,0.00519019,0,False
4.569285,3.6,-0.1243996,.,.,False,0.003770148,0,False
4.579141,3.6,-0.1243996,.,.,False,0.003770148,0,False
4.590069,3.6,-0.1243996,.,.,False,0.0026545,0,False
4.602778,3.6,-0.1243996,.,.,False,0.001194212,0,False
4.612208,3.6,-0.1243996,.,.,False,0.001194212,0,False
4.623851,3.6,-0.1243995,.,.,False,0.001032636,0,False
4.635877,3.6,-0.1243995,.,.,False,0.001032636,0,False
4.646105,3.6,-0.1243995,.,.,False,0.0001001071,0,False
4.657612,3.6,-0.1243995,.,.,False,0.0001001071,0,False
4.669939,3.6,-0.1243995,.,.,False,0.000203912,0,False
4.680048,3.6,-0.1243995,.,.,False,0.000203912,0,False
4.691511,3.6,-0.1243995,.,.,False,0.0003484457,0,False
4.703887,3.6,-0.1243995,.,.,False,0.001015487,0,False
4.713636,3.6,-0.1243995,.,.,False,0.001015487,0,False
4.725769,3.599764,-0.1243995,.,.,False,0.0009409962,0,False
4.753634,3.599311,-0.1243995,.,.,False,0.04251974,0,False
4.756386,3.599311,-0.1243995,.,.,False,0.04251974,0,False
4.765277,3.599229,-0.1243995,.,.,False,0.08150959,0,False
4.772742,3.599229,-0.1243995,.,.,False,0.08150959,0,False
4.787276,3.598092,-0.1243994,.,.,False,0.01480162,0,False
4.799701,3.598092,-0.1243994,.,.,False,0.01480162,0,False
4.809997,3.598748,-0.1243994,.,.,False,0.2047077,0,False
4.822487,3.599112,-0.1243994,.,.,False,0.1181713,0,False
4.83466,3.599112,-0.1243994,.,.,False,0.1181713,0,False
4.844238,3.601096,-0.1243994,.,.,False,0.065438,0,False
4.856154,3.601096,-0.1243994,.,.,False,0.065438,0,False
4.868454,3.603228,-0.1243994,.,.,False,0.3571644,0,False
4.878253,3.603228,-0.1243994,.,.,False,0.3571644,0,False
4.889929,3.606553,-0.1243994,.,.,False,0.3837506,0,False
4.902142,3.610073,-0.1243994,.,.,False,0.5983498,0,False
4.91189,3.610073,-0.1243994,.,.,False,0.5983498,0,False
4.92327,3.614287,-0.1243993,.,.,False,0.633714,0,False
4.935433,3.614287,-0.1243993,.,.,False,0.633714,0,False
4.94539,3.618428,-0.1243994,.,.,False,0.7584264,0,False
4.957184,3.618428,-0.1243994,.,.,False,0.7584264,0,False
4.969149,3.624623,-0.1243993,.,.,False,0.7453077,0,False
4.978919,3.624623,-0.1243993,.,.,False,0.7453077,0,False
4.990495,3.630993,-0.1243993,.,.,False,1.115129,0,False
5.002743,3.637835,-0.1243993,.,.,False,1.146755,0,False
5.012361,3.637835,-0.1243993,.,.,False,1.146755,0,False
5.024151,3.64535,-0.1243993,.,.,False,1.231443,0,False
5.036425,3.64535,-0.1243993,.,.,False,1.231443,0,False
5.046352,3.653973,-0.1243993,.,.,False,1.352798,0,False
5.05816,3.653973,-0.1243993,.,.,False,1.352798,0,False
5.070679,3.664196,-0.1243993,.,.,False,1.552036,0,False
5.080315,3.664196,-0.1243993,.,.,False,1.552036,0,False
5.091998,3.674694,-0.1243993,.,.,False,1.840099,0,False
5.104297,3.686641,-0.1243992,.,.,False,1.889795,0,False
5.113848,3.686641,-0.1243992,.,.,False,1.889795,0,False
5.12561,3.699466,-0.1243993,.,.,False,2.150323,0,False
5.137661,3.699466,-0.1243993,.,.,False,2.150323,0,False
5.149509,3.715285,-0.1243992,.,.,False,2.308675,0,False
5.159076,3.715285,-0.1243992,.,.,False,2.308675,0,False
5.171628,3.730374,-0.1243993,.,.,False,2.847261,0,False
5.18349,3.747687,-0.1243992,.,.,False,2.715994,0,False
5.193171,3.747687,-0.1243992,.,.,False,2.715994,0,False
5.205268,3.765915,-0.1243992,.,.,False,3.11644,0,False
5.217408,3.765915,-0.1243992,.,.,False,3.11644,0,False
5.227625,3.784998,-0.1243992,.,.,False,3.280992,0,False
5.239078,3.784998,-0.1243992,.,.,False,3.280992,0,False
5.251338,3.804855,-0.1243992,.,.,False,3.434896,0,False
5.261113,3.824832,-0.1243992,.,.,False,3.574305,0,False
5.273203,3.824832,-0.1243992,.,.,False,3.574305,0,False
5.285208,3.845149,-0.1243992,.,.,False,3.595854,0,False
5.295584,3.845149,-0.1243992,.,.,False,3.595854,0,False
5.307827,3.868063,-0.1243992,.,.,False,3.657041,0,False
5.320182,3.868063,-0.1243992,.,.,False,3.657041,0,False
5.331005,3.890299,-0.1243992,.,.,False,4.1246,0,False
5.341854,3.914442,-0.1243992,.,.,False,4.002402,0,False
5.355282,3.914442,-0.1243992,.,.,False,4.002402,0,False
5.365152,3.938803,-0.1243991,.,.,False,4.345788,0,False
5.376879,3.938803,-0.1243991,.,.,False,4.345788,0,False
5.389273,3.965507,-0.1243991,.,.,False,4.384952,-0.4647562,False
5.409997,3.992847,-0.1243991,.,.,False,4.806741,-1.241925,False
5.417418,3.992847,-0.1243991,.,.,False,4.806741,-1.241925,False
5.427422,4.021922,-0.1243991,.,.,False,4.921316,-1.895355,False
5.437152,4.021922,-0.1243991,.,.,False,4.921316,-1.895355,False
5.446874,4.052307,-0.1243991,.,.,False,5.233483,-2.62479,False
5.45938,4.052307,-0.1243991,.,.,False,5.233483,-2.62479,False
5.472404,4.082311,-0.1243991,.,.,False,5.469336,-3.58215,False
5.484876,4.115377,-0.1243991,.,.,False,5.400604,-4.049869,False
5.494512,4.115377,-0.1243991,.,.,False,5.400604,-4.049869,False
5.506572,4.148016,-0.1243991,.,.,False,5.951985,-4.863465,False
5.518669,4.148016,-0.1243991,.,.,False,5.951985,-4.863465,False
5.529189,4.181487,-0.1243991,.,.,False,5.874904,-5.711584,False
5.540643,4.181487,-0.1243991,.,.,False,5.874904,-5.711584,False
5.553711,4.216914,-0.1243991,.,.,False,6.024793,-5.651047,False
5.573798,4.252424,-0.124399,.,.,False,6.37677,-4.897815,False
5.580027,4.252424,-0.124399,.,.,False,6.37677,-4.897815,False
5.591909,4.288646,-0.124399,.,.,False,6.391872,-4.218671,False
5.600139,4.288646,-0.124399,.,.,False,6.391872,-4.218671,False
5.610265,4.326626,-0.124399,.,.,False,6.519983,-3.530298,False
5.622082,4.365873,-0.124399,.,.,False,6.836456,-3.087161,False
5.634912,4.365873,-0.124399,.,.,False,6.836456,-3.087161,False
5.644651,4.406814,-0.124399,.,.,False,7.06448,-2.240834,False
5.656466,4.406814,-0.124399,.,.,False,7.06448,-2.240834,False
5.668643,4.447361,-0.124399,.,.,False,7.369307,-1.341093,False
5.678328,4.447361,-0.124399,.,.,False,7.369307,-1.341093,False
5.690094,4.488099,-0.124399,.,.,False,7.298506,-0.5366955,False
5.702242,4.5307,-0.124399,.,.,False,7.332742,-0.08113426,False
5.712106,4.5307,-0.124399,.,.,False,7.332742,-0.08113426,False
5.723737,4.573637,-0.124399,.,.,False,7.668163,0,False
5.736038,4.573637,-0.124399,.,.,False,7.668163,0,False
5.745928,4.618337,-0.1243989,.,.,False,7.728592,0,False
5.75775,4.618337,-0.1243989,.,.,False,7.728592,0,False
5.770028,4.663041,-0.1243989,.,.,False,8.04605,0,False
5.779879,4.663041,-0.1243989,.,.,False,8.04605,0,False
5.791807,4.710569,-0.1243989,.,.,False,8.046715,0,False
5.804172,4.759271,-0.1243989,.,.,False,8.555025,0,False
5.814362,4.759271,-0.1243989,.,.,False,8.555025,0,False
5.825749,4.807871,-0.1243989,.,.,False,8.766265,0,False
5.83804,4.807871,-0.1243989,.,.,False,8.766265,0,False
5.850453,4.85848,-0.1243989,.,.,False,8.748055,0,False
5.859807,4.85848,-0.1243989,.,.,False,8.748055,0,False
5.871522,4.907525,-0.1243989,.,.,False,9.109715,0,False
5.883923,4.95864,-0.1243988,.,.,False,8.827906,0,False
5.894026,4.95864,-0.1243988,.,.,False,8.827906,0,False
5.90625,5.012072,-0.1243988,.,.,False,9.200704,0,False
5.918337,5.012072,-0.1243988,.,.,False,9.200704,0,False
5.927984,5.064018,-0.1243988,.,.,False,9.617742,0,False
5.93997,5.064018,-0.1243988,.,.,False,9.617742,0,False
5.951946,5.118796,-0.1243988,.,.,False,9.350352,0,False
5.9619,5.172668,-0.1243988,.,.,False,9.860093,0,False
5.973547,5.172668,-0.1243988,.,.,False,9.860093,0,False
5.985824,5.229653,-0.1243988,.,.,False,9.696921,0,False
5.995461,5.229653,-0.1243988,.,.,False,9.696921,0,False
6.008567,5.286699,-0.1243988,.,.,False,10.25729,0,False
6.020786,5.286699,-0.1243988,.,.,False,10.25729,0,False
6.0305,5.344527,-0.1243988,.,.,False,10.26837,0,False
6.0424,5.402976,-0.1243988,.,.,False,10.40897,0,False
6.054446,5.402976,-0.1243988,.,.,False,10.40897,0,False
6.066179,5.463482,-0.1243987,.,.,False,10.52076,0,False
6.075879,5.463482,-0.1243987,.,.,False,10.52076,0,False
6.087088,5.523321,-0.1243988,.,.,False,10.89126,0,False
6.100324,5.523321,-0.1243988,.,.,False,10.89126,0,False
6.11,5.585842,-0.1243987,.,.,False,10.77088,0,False
6.122205,5.647381,-0.1243987,.,.,False,11.25379,0.4576988,False
6.142925,5.710448,-0.1243987,.,.,False,11.07699,1.234706,False
6.15067,5.710448,-0.1243987,.,.,False,11.07699,1.234706,False
6.160478,5.710448,-0.1243987,.,.,False,11.07699,1.234706,False
6.170222,5.775152,-0.1243987,.,.,False,11.35218,2.258336,False
6.181727,5.841108,-0.1243987,.,.,False,11.64664,2.689774,False
6.192858,5.841108,-0.1243987,.,.,False,11.64664,2.689774,False
6.21663,5.908266,-0.1243987,.,.,False,11.8721,3.99864,False
6.222124,5.974948,-0.1243987,.,.,False,12.08844,4.204642,False
6.234059,5.974948,-0.1243987,.,.,False,12.08844,4.204642,False
6.239447,5.974948,-0.1243987,.,.,False,12.08844,4.204642,False
6.253407,6.042973,-0.1243987,.,.,False,12.00275,5.377781,False
6.264527,6.11094,-0.1243987,.,.,False,12.24448,5.794774,False
6.275939,6.11094,-0.1243987,.,.,False,12.24448,5.794774,False
6.289725,6.180763,-0.1243987,.,.,False,12.23421,5.705712,False
6.31124,6.251729,-0.1243987,.,.,False,12.56797,4.898877,False
6.32959,6.323532,-0.1243987,.,.,False,12.774,4.210733,False
6.343741,6.394932,-0.1243986,.,.,False,12.92443,3.680104,False
6.347079,6.394932,-0.1243986,.,.,False,12.92443,3.680104,False
6.354547,6.394932,-0.1243986,.,.,False,12.92443,3.680104,False
6.367562,6.467212,-0.1243986,.,.,False,12.85203,2.786817,False
6.377257,6.467212,-0.1243986,.,.,False,12.85203,2.786817,False
6.38998,6.540758,-0.1243986,.,.,False,13.01023,1.946127,False
6.402549,6.615241,-0.1243986,.,.,False,13.23823,1.474797,False
6.41263,6.615241,-0.1243986,.,.,False,13.23823,1.474797,False
6.424042,6.6887,-0.1243986,.,.,False,13.40701,0.6687904,False
6.436913,6.6887,-0.1243986,.,.,False,13.40701,0.6687904,False
6.447834,6.762797,-0.1243986,.,.,False,13.22255,0,False
6.458425,6.762797,-0.1243986,.,.,False,13.22255,0,False
6.470963,6.837059,-0.1243986,.,.,False,13.33751,0,False
6.480719,6.837059,-0.1243986,.,.,False,13.33751,0,False
6.492285,6.912227,-0.1243986,.,.,False,13.36722,0,False
6.504324,6.98795,-0.1243986,.,.,False,13.53019,0,False
6.514126,6.98795,-0.1243986,.,.,False,13.53019,0,False
6.525999,7.064478,-0.1243986,.,.,False,13.63027,0,False
6.538006,7.064478,-0.1243986,.,.,False,13.63027,0,False
6.550746,7.141318,-0.1243985,.,.,False,13.775,0,False
6.560566,7.141318,-0.1243985,.,.,False,13.775,0,False
6.572301,7.217968,-0.1243985,.,.,False,13.83122,0,False
6.584782,7.294853,-0.1243985,.,.,False,13.79713,0,False
6.594185,7.294853,-0.1243985,.,.,False,13.79713,0,False
6.606246,7.371337,-0.1243985,.,.,False,13.83926,0,False
6.618489,7.371337,-0.1243985,.,.,False,13.83926,0,False
6.628194,7.447736,-0.1243985,.,.,False,13.76716,0,False
6.639963,7.447736,-0.1243985,.,.,False,13.76716,0,False
6.651992,7.523977,-0.1243985,.,.,False,13.7517,0,False
6.662309,7.599767,-0.1243985,.,.,False,13.72339,0,False
6.673748,7.599767,-0.1243985,.,.,False,13.72339,0,False
6.686266,7.675412,-0.1243985,.,.,False,13.64218,0,False
6.69598,7.675412,-0.1243985,.,.,False,13.64218,0,False
6.707858,7.751046,-0.1243985,.,.,False,13.61607,0,False
6.719916,7.751046,-0.1243985,.,.,False,13.61607,0,False
6.72972,7.826679,-0.1243985,.,.,False,13.6142,0,False
6.741353,7.90098,-0.1243985,.,.,False,13.61382,0,False
6.753575,7.90098,-0.1243985,.,.,False,13.61382,0,False
6.763238,7.97585,-0.1243984,.,.,False,13.37432,0,False
6.7751,7.97585,-0.1243984,.,.,False,13.37432,0,False
6.787377,8.050557,-0.1243984,.,.,False,13.47643,0,False
6.79748,8.050557,-0.1243984,.,.,False,13.47643,0,False
6.809598,8.125366,-0.1243984,.,.,False,13.44752,0,False
6.821751,8.200069,-0.1243984,.,.,False,13.46553,0,False
6.833985,8.200069,-0.1243984,.,.,False,13.46553,0,False
6.843682,8.273202,-0.1243984,.,.,False,13.4465,0,False
6.855762,8.273202,-0.1243984,.,.,False,13.4465,0,False
6.868162,8.345756,-0.1243984,.,.,False,13.1639,0,False
6.877783,8.345756,-0.1243984,.,.,False,13.1639,0,False
6.889631,8.419566,-0.1243984,.,.,False,13.05961,0,False
6.902007,8.493362,-0.1243984,.,.,False,13.28586,0,False
6.911761,8.493362,-0.1243984,.,.,False,13.28586,0,False
6.923383,8.566978,-0.1243984,.,.,False,13.28336,0,False
6.93562,8.566978,-0.1243984,.,.,False,13.28336,0,False
6.945829,8.640566,-0.1243983,.,.,False,13.25088,0,False
6.957698,8.640566,-0.1243983,.,.,False,13.25088,0,False
6.979014,8.712863,-0.1243983,.,.,False,13.24568,0,False
6.986563,8.784253,-0.1243983,.,.,False,13.01356,0,False
6.99779,8.784253,-0.1243983,.,.,False,13.01356,0,False
7.004689,8.855718,-0.1243983,.,.,False,12.85015,0,False
7.017071,8.855718,-0.1243983,.,.,False,12.85015,0,False
7.026996,8.927267,-0.1243983,.,.,False,12.86361,0,False
7.039138,8.927267,-0.1243983,.,.,False,12.86361,0,False
7.052529,8.999315,-0.1242437,.,.,False,12.87896,-0.50214,False
7.072683,9.073337,-0.1238423,.,.,False,12.96868,-1.257896,False
7.078006,9.073337,-0.1238423,.,.,False,12.96868,-1.257896,False
7.090451,9.147166,-0.12311,.,.,False,13.32407,-1.9242,False
7.096611,9.147166,-0.12311,.,.,False,13.32407,-1.9242,False
7.11012,9.22134,-0.1219617,.,.,False,13.28994,-2.661806,False
7.122564,9.29569,-0.1203184,.,.,False,13.35296,-3.128445,False
7.135636,9.29569,-0.1203184,.,.,False,13.35296,-3.128445,False
7.145431,9.369287,-0.1181181,.,.,False,13.38613,-3.985965,False
7.156999,9.369287,-0.1181181,.,.,False,13.38613,-3.985965,False
7.169303,9.443398,-0.1152578,.,.,False,13.25363,-4.881184,False
7.179161,9.443398,-0.1152578,.,.,False,13.25363,-4.881184,False
7.190958,9.517677,-0.1116545,.,.,False,13.34986,-5.693261,False
7.203017,9.593078,-0.1071706,.,.,False,13.38593,-6.145436,False
7.21315,9.593078,-0.1071706,.,.,False,13.38593,-6.145436,False
7.240147,9.668873,-0.1019138,.,.,False,13.59604,-4.753039,False
7.242704,9.745305,-0.09584975,.,.,False,13.67598,-4.657174,False
7.253195,9.745305,-0.09584975,.,.,False,13.67598,-4.657174,False
7.258757,9.745305,-0.09584975,.,.,False,13.67598,-4.657174,False
7.272929,9.823519,-0.08887948,.,.,False,13.80111,-3.523725,False
7.2828,9.902842,-0.08100737,.,.,False,14.13426,-3.153547,False
7.295988,9.902842,-0.08100737,.,.,False,14.13426,-3.153547,False
7.30853,9.981512,-0.07237095,.,.,False,14.3482,-2.188668,False
7.320913,10.0614,-0.0627877,.,.,False,14.24582,-1.724336,False
7.332832,10.0614,-0.0627877,.,.,False,14.24582,-1.724336,False
7.342453,10.14161,-0.05232926,.,.,False,14.48365,-0.9165898,False
7.355141,10.14161,-0.05232926,.,.,False,14.48365,-0.9165898,False
7.367331,10.2229,-0.0408659,.,.,False,14.55945,0,False
7.376887,10.2229,-0.0408659,.,.,False,14.55945,0,False
7.388616,10.30516,-0.02838621,.,.,False,14.7763,0,False
7.400757,10.30516,-0.02838621,.,.,False,14.7763,0,False
7.410572,10.38797,-0.01491812,.,.,False,14.97696,0,False
7.42223,10.4715,-0.0004061042,.,.,False,15.10182,0,False
7.434413,10.4715,-0.0004061042,.,.,False,15.10182,0,False
7.444496,10.55577,0.0150017,.,.,False,15.26061,0.3781013,False
7.467666,10.64056,0.03118222,.,.,False,15.42023,1.246965,False
7.47319,10.64056,0.03118222,.,.,False,15.42023,1.246965,False
7.485157,10.72673,0.04820962,.,.,False,15.53758,1.902889,False
7.490922,10.72673,0.04820962,.,.,False,15.53758,1.902889,False
7.505126,10.81311,0.06577986,.,.,False,15.80988,2.651734,False
7.517495,10.81311,0.06577986,.,.,False,15.80988,2.651734,False
7.528991,10.90047,0.08395001,.,.,False,15.86605,3.546675,False
7.540121,10.90047,0.08395001,.,.,False,15.86605,3.546675,False
7.554054,10.98856,0.1025707,.,.,False,16.0616,4.486508,False
7.564331,11.07766,0.1215968,.,.,False,16.2072,4.871895,False
7.576582,11.07766,0.1215968,.,.,False,16.2072,4.871895,False
7.597114,11.16774,0.1410873,.,.,False,16.39874,3.642503,False
7.602952,11.25797,0.1608688,.,.,False,16.59048,3.423582,False
7.613219,11.25797,0.1608688,.,.,False,16.59048,3.423582,False
7.622866,11.34952,0.1811998,.,.,False,16.62737,2.676795,False
7.635597,11.34952,0.1811998,.,.,False,16.62737,2.676795,False
7.645532,11.44152,0.2018728,.,.,False,16.88066,1.826839,False
7.657899,11.44152,0.2018728,.,.,False,16.88066,1.826839,False
7.67051,11.53457,0.2230505,.,.,False,16.97363,0.8901717,False
7.680208,11.53457,0.2230505,.,.,False,16.97363,0.8901717,False
7.69201,11.62819,0.2446216,.,.,False,17.17696,0.08389172,False
7.704466,11.72279,0.2666901,.,.,False,17.29322,0,False
7.714172,11.72279,0.2666901,.,.,False,17.29322,0,False
7.726205,11.81794,0.2891596,.,.,False,17.48544,0,False
7.739905,11.81794,0.2891596,.,.,False,17.48544,0,False
7.751144,11.91406,0.3121399,.,.,False,17.59718,0,False
7.762478,12.01077,0.3355469,.,.,False,17.78907,0,False
7.775671,12.01077,0.3355469,.,.,False,17.78907,0,False
7.789785,12.10839,0.3594633,.,.,False,17.91022,0,False
7.799838,12.10839,0.3594633,.,.,False,17.91022,0,False
7.812546,12.21489,0.3859429,.,.,False,18.09086,0,False
7.826097,12.31604,0.4113627,.,.,False,19.75531,0,False
7.839915,12.31604,0.4113627,.,.,False,19.75531,0,False
7.849484,12.41186,0.4357698,.,.,False,18.77472,0,False
7.862923,12.51328,0.4618817,.,.,False,17.79758,0,False
7.875855,12.51328,0.4618817,.,.,False,17.79758,0,False
7.890257,12.61376,0.4881855,.,.,False,18.85195,0,False
7.900272,12.61376,0.4881855,.,.,False,18.85195,0,False
7.912982,12.72426,0.5174412,.,.,False,18.6958,0,False
7.925881,12.82757,0.5450948,.,.,False,20.57512,0,False
7.941443,12.92276,0.5710053,.,.,False,19.25104,0,False
7.952446,12.92276,0.5710053,.,.,False,19.25104,0,False
7.962596,13.02192,0.5982831,.,.,False,17.75605,0,False
7.974802,13.02192,0.5982831,.,.,False,17.75605,0,False
7.988133,13.12566,0.6272333,.,.,False,18.51347,0,False
7.997957,13.12566,0.6272333,.,.,False,18.51347,0,False
8.010906,13.23925,0.6592716,.,.,False,19.38739,0,False
8.020998,13.34578,0.6896321,.,.,False,21.24401,0,False
8.037792,13.34578,0.6896321,.,.,False,21.24401,0,False
8.049654,13.44376,0.7180054,.,.,False,19.93727,0,False
8.060781,13.44376,0.7180054,.,.,False,19.93727,0,False
8.075241,13.54529,0.7477201,.,.,False,18.36185,0,False
8.087784,13.65308,0.7796662,.,.,False,19.04155,0,False
8.0977,13.65308,0.7796662,.,.,False,19.04155,0,False
8.110508,13.76888,0.8142872,.,.,False,20.23701,0,False
8.120525,13.76888,0.8142872,.,.,False,20.23701,0,False
8.144676,13.98386,0.8790388,.,.,False,21.00485,1.281356,False
8.150904,13.98386,0.8790388,.,.,False,21.00485,1.281356,False
8.161396,14.09376,0.9119948,.,.,False,19.40989,1.90833,False
8.173109,14.09376,0.9119948,.,.,False,19.40989,1.90833,False
8.182137,14.21004,0.9465876,.,.,False,20.65133,2.686095,False
8.194881,14.21004,0.9465876,.,.,False,20.65133,2.686095,False
8.205118,14.32274,0.9794694,.,.,False,21.83775,3.547886,False
8.224434,14.4437,1.014226,.,.,False,21.13239,2.823502,False
8.24313,14.55995,1.046977,.,.,False,22.65401,2.122436,False
8.247284,14.55995,1.046977,.,.,False,22.65401,2.122436,False
8.26016,14.55995,1.046977,.,.,False,22.65401,2.122436,False
8.269997,14.66615,1.07625,.,.,False,21.73836,1.114882,False
8.279861,14.66615,1.07625,.,.,False,21.73836,1.114882,False
8.292635,14.77821,1.106459,.,.,False,19.8292,0.2660024,False
8.306036,14.89472,1.137294,.,.,False,20.89054,0,False
8.31567,14.89472,1.137294,.,.,False,20.89054,0,False
8.327761,15.01945,1.169611,.,.,False,21.69432,0,False
8.339848,15.01945,1.169611,.,.,False,21.69432,0,False
8.352226,15.13752,1.199598,.,.,False,23.19205,0,False
8.362158,15.26406,1.230946,.,.,False,21.92842,0,False
8.372427,15.26406,1.230946,.,.,False,21.92842,0,False
8.386171,15.38338,1.259891,.,.,False,23.46462,0,False
8.396202,15.38338,1.259891,.,.,False,23.46462,0,False
8.407921,15.51408,1.290739,.,.,False,22.10144,0,False
8.420134,15.51408,1.290739,.,.,False,22.10144,0,False
8.431,15.63715,1.319164,.,.,False,24.17228,0,False
8.441889,15.75207,1.344866,.,.,False,22.73613,0,False
8.454659,15.75207,1.344866,.,.,False,22.73613,0,False
8.465157,15.87106,1.37079,.,.,False,21.19627,0,False
8.476004,15.87106,1.37079,.,.,False,21.19627,0,False
8.489021,15.99648,1.397572,.,.,False,21.92036,-0.4881862,False
8.509233,16.12949,1.425657,.,.,False,23.08527,-1.24608,False
8.513502,16.12949,1.425657,.,.,False,23.08527,-1.24608,False
8.525808,16.25735,1.452535,.,.,False,24.46904,-1.867661,False
8.535788,16.25735,1.452535,.,.,False,24.46904,-1.867661,False
8.546841,16.38045,1.478502,.,.,False,23.51848,-2.65638,False
8.558775,16.38045,1.478502,.,.,False,23.51848,-2.65638,False
8.571569,16.5098,1.506083,.,.,False,22.64545,-3.583721,False
8.581356,16.63645,1.533632,.,.,False,23.80761,-3.950681,False
8.593714,16.63645,1.533632,.,.,False,23.80761,-3.950681,False
8.605749,16.7728,1.56417,.,.,False,23.32994,-4.865467,False
8.617945,16.7728,1.56417,.,.,False,23.32994,-4.865467,False
8.627993,16.9023,1.594233,.,.,False,25.14981,-5.699572,False
8.639799,16.9023,1.594233,.,.,False,25.14981,-5.699572,False
8.651991,17.03682,1.627031,.,.,False,23.93114,-6.599512,False
8.662193,17.16433,1.659531,.,.,False,24.9226,-6.216933,False
8.684956,17.30098,1.696165,.,.,False,23.68591,-5.363302,False
8.6887,17.30098,1.696165,.,.,False,23.68591,-5.363302,False
8.700779,17.30098,1.696165,.,.,False,23.68591,-5.363302,False
8.707705,17.43025,1.732307,.,.,False,25.46565,-4.510218,False
8.721827,17.57038,1.77345,.,.,False,24.16101,-3.980658,False
8.731764,17.57038,1.77345,.,.,False,24.16101,-3.980658,False
8.744122,17.7029,1.813928,.,.,False,26.28769,-3.144641,False
8.754194,17.7029,1.813928,.,.,False,26.28769,-3.144641,False
8.769474,17.82625,1.853527,.,.,False,24.942,-2.193862,False
8.779451,17.82625,1.853527,.,.,False,24.942,-2.193862,False
8.791132,17.95346,1.896152,.,.,False,23.31777,-1.381691,False
8.804111,18.08591,1.942311,.,.,False,24.14982,-0.8950084,False
8.815025,18.08591,1.942311,.,.,False,24.14982,-0.8950084,False
8.825792,18.22118,1.991203,.,.,False,25.24692,-0.08192593,False
8.83828,18.22118,1.991203,.,.,False,25.24692,-0.08192593,False
8.850235,18.35058,2.039759,.,.,False,25.89013,0,False
8.860321,18.35058,2.039759,.,.,False,25.89013,0,False
8.872482,18.48746,2.093098,.,.,False,24.87842,0,False
8.884874,18.61776,2.145669,.,.,False,26.44182,0,False
8.894888,18.61776,2.145669,.,.,False,26.44182,0,False
8.906906,18.75738,2.204166,.,.,False,25.29167,0,False
8.918999,18.75738,2.204166,.,.,False,25.29167,0,False
8.929031,18.89,2.261565,.,.,False,27.24764,0,False
8.943956,19.01851,2.319337,.,.,False,26.0126,0,False
8.953039,19.01851,2.319337,.,.,False,26.0126,0,False
8.963568,19.15221,2.381558,.,.,False,25.36104,0,False
8.975031,19.15221,2.381558,.,.,False,25.36104,0,False
8.98769,19.27524,2.440513,.,.,False,26.54431,0.4746975,False
9.007999,19.40284,2.503374,.,.,False,24.55708,1.236315,False
9.011869,19.40284,2.503374,.,.,False,24.55708,1.236315,False
9.024294,19.53491,2.569724,.,.,False,25.60346,1.847306,False
9.032957,19.53491,2.569724,.,.,False,25.60346,1.847306,False
9.045818,19.66655,2.636849,.,.,False,26.60487,2.654527,False
9.058626,19.66655,2.636849,.,.,False,26.60487,2.654527,False
9.072229,19.80473,2.708295,.,.,False,26.59818,2.624614,False
9.092384,19.93723,2.777607,.,.,False,28.00069,1.868831,False
9.096834,19.93723,2.777607,.,.,False,28.00069,1.868831,False
9.108835,20.07254,2.849275,.,.,False,26.91545,1.251889,False
9.118683,20.07254,2.849275,.,.,False,26.91545,1.251889,False
9.128819,20.2005,2.917811,.,.,False,27.56074,0.5025377,False
9.141088,20.33414,2.990261,.,.,False,26.12952,0.04239395,False
9.154325,20.33414,2.990261,.,.,False,26.12952,0.04239395,False
9.16642,20.47207,3.065824,.,.,False,27.36288,0,False
9.17627,20.47207,3.065824,.,.,False,27.36288,0,False
9.188684,20.60483,3.139319,.,.,False,28.30919,0,False
9.200787,20.60483,3.139319,.,.,False,28.30919,0,False
9.210743,20.74643,3.218587,.,.,False,27.31274,0,False
9.220337,20.74643,3.218587,.,.,False,27.31274,0,False
9.235048,20.88217,3.295322,.,.,False,29.21011,0,False
9.245012,21.00882,3.367722,.,.,False,28.06673,0,False
9.256651,21.00882,3.367722,.,.,False,28.06673,0,False
9.269253,21.13979,3.443479,.,.,False,26.25987,0,False
9.279152,21.13979,3.443479,.,.,False,26.25987,0,False
9.290789,21.27579,3.522972,.,.,False,27.23405,0,False
9.303741,21.4078,3.600926,.,.,False,28.35451,0,False
9.313419,21.4078,3.600926,.,.,False,28.35451,0,False
9.325388,21.54649,3.683713,.,.,False,27.59575,0,False
9.337671,21.54649,3.683713,.,.,False,27.59575,0,False
9.347347,21.67949,3.763876,.,.,False,29.07366,0,False
9.359425,21.67949,3.763876,.,.,False,29.07366,0,False
9.37179,21.82027,3.84968,.,.,False,27.95181,0,False
9.38159,21.95524,3.932731,.,.,False,29.6766,0,False
9.393847,21.95524,3.932731,.,.,False,29.6766,0,False
9.406336,22.09882,4.02208,.,.,False,28.52565,0,False
9.416706,22.09882,4.02208,.,.,False,28.52565,0,False
9.429132,22.23648,4.108577,.,.,False,30.43963,0,False
9.4424,22.36827,4.192058,.,.,False,29.26391,0.4975687,False
9.462551,22.50562,4.279577,.,.,False,28.08089,1.253235,False
9.468586,22.50562,4.279577,.,.,False,28.08089,1.253235,False
9.47876,22.50562,4.279577,.,.,False,28.08089,1.253235,False
9.490479,22.6399,4.365248,.,.,False,29.31625,2.300527,False
9.503006,22.7822,4.455837,.,.,False,28.67074,2.770297,False
9.512671,22.7822,4.455837,.,.,False,28.67074,2.770297,False
9.525002,22.91945,4.542597,.,.,False,30.36268,3.595132,False
9.536848,22.91945,4.542597,.,.,False,30.36268,3.595132,False
9.546392,23.06132,4.631132,.,.,False,29.22711,4.39731,False
9.558596,23.06132,4.631132,.,.,False,29.22711,4.39731,False
9.577988,23.19852,4.715512,.,.,False,30.10126,3.212497,False
9.583406,23.34564,4.804321,.,.,False,28.99388,3.009311,False
9.592718,23.34564,4.804321,.,.,False,28.99388,3.009311,False
9.604084,23.48793,4.888664,.,.,False,30.93215,2.233931,False
9.613792,23.48793,4.888664,.,.,False,30.93215,2.233931,False
9.626078,23.62387,4.967497,.,.,False,29.77296,1.409164,False
9.638451,23.62387,4.967497,.,.,False,29.77296,1.409164,False
9.649897,23.76581,5.047874,.,.,False,28.28537,0.5159587,False
9.659348,23.76581,5.047874,.,.,False,28.28537,0.5159587,False
9.671312,23.91713,5.13164,.,.,False,29.36233,0,False
9.682796,24.06388,5.211159,.,.,False,31.13173,0,False
9.692011,24.06388,5.211159,.,.,False,31.13173,0,False
9.704639,24.20313,5.284855,.,.,False,30.04418,0,False
9.713911,24.20313,5.284855,.,.,False,30.04418,0,False
9.72547,24.34862,5.359852,.,.,False,28.35886,0,False
9.737286,24.34862,5.359852,.,.,False,28.35886,0,False
9.746832,24.50358,5.4378,.,.,False,29.46294,0,False
9.758394,24.50358,5.4378,.,.,False,29.46294,0,False
9.770147,24.65386,5.511686,.,.,False,31.22202,0,False
9.779564,24.65386,5.511686,.,.,False,31.22202,0,False
9.791277,24.79681,5.580204,.,.,False,30.14351,0,False
9.80308,24.94625,5.649857,.,.,False,28.53344,0,False
9.812677,24.94625,5.649857,.,.,False,28.53344,0,False
9.823723,25.10463,5.721768,.,.,False,29.67809,0,False
9.835592,25.10463,5.721768,.,.,False,29.67809,0,False
9.845045,25.25819,5.789792,.,.,False,31.30885,0,False
9.855507,25.25819,5.789792,.,.,False,31.30885,0,False
9.868773,25.40429,5.852752,.,.,False,30.23285,0,False
9.87797,25.40429,5.852752,.,.,False,30.23285,0,False
9.88986,25.55698,5.916594,.,.,False,28.63542,0,False
9.901344,25.71824,5.982146,.,.,False,29.78957,0,False
9.910677,25.71824,5.982146,.,.,False,29.78957,0,False
9.922756,25.87457,6.044009,.,.,False,31.33378,0,False
9.934628,25.87457,6.044009,.,.,False,31.33378,0,False
9.943899,26.02185,6.100585,.,.,False,30.26179,0,False
9.955904,26.02185,6.100585,.,.,False,30.26179,0,False
9.967293,26.17524,6.157552,.,.,False,28.39925,0,False
9.976776,26.17524,6.157552,.,.,False,28.39925,0,False
9.988371,26.33712,6.215847,.,.,False,29.45346,0,False
9.998043,26.33712,6.215847,.,.,False,29.45346,0,False
10.00883,26.49394,6.270675,.,.,False,30.97008,0,False
10.02056,26.49394,6.270675,.,.,False,30.97008,0,False
10.03022,26.65762,6.326011,.,.,False,29.90189,0,False
10.04156,26.81596,6.377877,.,.,False,31.10164,0,False
10.05362,26.81596,6.377877,.,.,False,31.10164,0,False
10.06346,26.97942,6.429513,.,.,False,29.99145,0,False
10.07458,26.97942,6.429513,.,.,False,29.99145,0,False
10.08679,27.13753,6.477767,.,.,False,30.85448,0,False
10.09635,27.13753,6.477767,.,.,False,30.85448,0,False
10.10761,27.30634,6.527311,.,.,False,29.75564,0,False
10.11943,27.30634,6.527311,.,.,False,29.75564,0,False
10.12924,27.46947,6.573532,.,.,False,31.66858,0,False
10.14063,27.46947,6.573532,.,.,False,31.66858,0,False
10.15244,27.62476,6.615784,.,.,False,30.51778,0,False
10.16191,27.78682,6.65793,.,.,False,28.96993,0,False
10.17347,27.78682,6.65793,.,.,False,28.96993,0,False
10.18514,27.95642,6.700233,.,.,False,30.13974,0,False
10.19501,27.95642,6.700233,.,.,False,30.13974,0,False
10.20655,28.12064,6.739543,.,.,False,31.4634,0,False
10.21856,28.12064,6.739543,.,.,False,31.4634,0,False
10.22775,28.27571,6.774993,.,.,False,30.39536,0,False
10.23964,28.27571,6.774993,.,.,False,30.39536,0,False
10.2521,28.43705,6.809988,.,.,False,28.63144,0,False
10.26101,28.60802,6.845267,.,.,False,29.71772,0,False
10.27262,28.60802,6.845267,.,.,False,29.71772,0,False
10.28208,28.77339,6.877781,.,.,False,31.42246,0,False
10.29352,28.77339,6.877781,.,.,False,31.42246,0,False
10.3055,28.92979,6.906886,.,.,False,30.3373,0,False
10.31499,28.92979,6.906886,.,.,False,30.3373,0,False
10.32628,29.09225,6.935288,.,.,False,28.63445,0,False
10.33827,29.09225,6.935288,.,.,False,28.63445,0,False
10.34747,29.26381,6.963512,.,.,False,29.68611,0,False
10.35913,29.26381,6.963512,.,.,False,29.68611,0,False
10.37072,29.4297,6.989221,.,.,False,31.29663,0,False
10.38034,29.4297,6.989221,.,.,False,31.29663,0,False
10.39166,29.59603,7.013259,.,.,False,30.21744,0,False
10.40434,29.75994,7.035467,.,.,False,30.25005,-0.4756275,False
10.42295,29.93419,7.057664,.,.,False,29.77194,-1.173398,False
10.42621,29.93419,7.057664,.,.,False,29.77194,-1.173398,False
10.43811,29.93419,7.057664,.,.,False,29.77194,-1.173398,False
10.44625,30.10231,7.078207,.,.,False,31.61898,-2.047009,False
10.45825,30.10231,7.078207,.,.,False,31.61898,-2.047009,False
10.47129,30.26314,7.097256,.,.,False,30.4871,-2.986174,False
10.48065,30.26314,7.097256,.,.,False,30.4871,-2.986174,False
10.49267,30.43141,7.116793,.,.,False,29.15136,-3.787807,False
10.50463,30.58857,7.135156,.,.,False,30.49263,-4.236578,False
10.51409,30.58857,7.135156,.,.,False,30.49263,-4.236578,False
10.52613,30.75175,7.154672,.,.,False,28.4809,-5.042591,False
10.53922,30.75175,7.154672,.,.,False,28.4809,-5.042591,False
10.55793,30.92259,7.175722,.,.,False,29.58132,-3.850189,False
10.56136,31.08756,7.196875,.,.,False,30.98339,-3.721462,False
10.57342,31.08756,7.196875,.,.,False,30.98339,-3.721462,False
10.58816,31.26253,7.220407,.,.,False,29.93823,-2.71647,False
10.59503,31.26253,7.220407,.,.,False,29.93823,-2.71647,False
10.60715,31.43107,7.244126,.,.,False,31.77796,-2.004308,False
10.61963,31.43107,7.244126,.,.,False,31.77796,-2.004308,False
10.62934,31.5916,7.26789,.,.,False,30.63586,-1.17231,False
10.64056,31.5916,7.26789,.,.,False,30.63586,-1.17231,False
10.65282,31.75888,7.294003,.,.,False,29.21177,-0.2918327,False
10.66231,31.92342,7.32091,.,.,False,30.47432,0,False
10.67357,31.92342,7.32091,.,.,False,30.47432,0,False
10.68537,32.09723,7.350729,.,.,False,30.01102,0,False
10.69552,32.09723,7.350729,.,.,False,30.01102,0,True
10.70431,32.26466,7.380639,.,.,False,31.7419,0,True
10.71888,32.26466,7.380639,.,.,False,31.7419,0,True
10.73111,32.42672,7.410892,.,.,False,30.61458,0,True
10.74282,32.59873,7.444462,.,.,False,29.6756,0,True
10.76056,32.59873,7.444462,.,.,False,29.6756,0,True
10.76515,32.76434,7.478002,.,.,False,31.54558,0,True
10.77702,32.76434,7.478002,.,.,False,31.54558,0,True
10.78809,32.92031,7.510856,.,.,False,30.41469,0,True
10.79695,32.92031,7.510856,.,.,False,30.41469,0,True
10.80943,33.08187,7.546308,.,.,False,28.69101,0,True
10.82175,33.2525,7.585121,.,.,False,29.77241,0,True
10.83142,33.2525,7.585121,.,.,False,29.77241,0,True
10.84288,33.41701,7.623747,.,.,False,31.4984,0,True
10.8546,33.41701,7.623747,.,.,False,31.4984,0,True
10.86397,33.57115,7.661178,.,.,False,30.41732,0,True
10.87603,33.57115,7.661178,.,.,False,30.41732,0,True
10.88765,33.73055,7.701302,.,.,False,28.55123,0,True
10.89713,33.73055,7.701302,.,.,False,28.55123,0,True
10.90872,33.8973,7.744622,.,.,False,29.58662,0,True
10.92061,33.8973,7.744622,.,.,False,29.58662,0,True
10.93041,34.05801,7.787591,.,.,False,31.0116,0,True
10.94158,34.22842,7.83459,.,.,False,29.9446,0,True
10.95333,34.22842,7.83459,.,.,False,29.9446,0,True
10.96319,34.39238,7.881031,.,.,False,31.81838,0,True
10.97461,34.39238,7.881031,.,.,False,31.81838,0,True
10.98636,34.54877,7.926615,.,.,False,30.6743,0,True
10.99598,34.54877,7.926615,.,.,False,30.6743,0,True
11.00737,34.71188,7.975648,.,.,False,29.3209,0,True
11.02007,34.71188,7.975648,.,.,False,29.3209,0,True
11.03897,34.86451,8.022523,.,.,False,30.6581,1.184895,True
11.04239,35.02277,8.072114,.,.,False,28.74041,1.31337,True
11.05535,35.02277,8.072114,.,.,False,28.74041,1.31337,True
11.06268,35.18893,8.124828,.,.,False,29.8518,2.073851,True
11.07465,35.18893,8.124828,.,.,False,29.8518,2.073851,True
11.08713,35.34947,8.175945,.,.,False,31.37782,2.990734,True
11.09697,35.34947,8.175945,.,.,False,31.37782,2.990734,False
11.10881,35.515,8.22855,.,.,False,30.32617,3.803775,False
11.12088,35.67491,8.278855,.,.,False,31.26355,4.256704,False
11.13076,35.67491,8.278855,.,.,False,31.26355,4.256704,False
11.14158,35.84051,8.32997,.,.,False,30.17488,5.0328,False
11.15425,35.84051,8.32997,.,.,False,30.17488,5.0328,False
11.17334,36.00058,8.378252,.,.,False,31.19617,3.841725,False
11.1767,36.00058,8.378252,.,.,False,31.19617,3.841725,False
11.18847,36.16394,8.426073,.,.,False,30.09505,3.274608,False
11.19651,36.16394,8.426073,.,.,False,30.09505,3.274608,False
11.2114,36.32193,8.470846,.,.,False,30.63738,2.41449,False
11.22439,36.49044,8.51681,.,.,False,29.55857,1.927455,False
11.23682,36.49044,8.51681,.,.,False,29.55857,1.927455,False
11.24448,36.65321,8.559645,.,.,False,31.4408,1.173926,False
11.25752,36.65321,8.559645,.,.,False,31.4408,1.173926,False
11.26653,36.80629,8.598293,.,.,False,30.29442,0.3472836,False
11.27832,36.80629,8.598293,.,.,False,30.29442,0.3472836,False
11.29036,36.96532,8.636574,.,.,False,28.41911,0,False
11.30238,37.13239,8.675024,.,.,False,29.4431,0,False
11.3134,37.13239,8.675024,.,.,False,29.4431,0,False
11.33491,37.29408,8.710415,.,.,False,30.86007,1.219597,False
11.33839,37.29408,8.710415,.,.,False,30.86007,1.219597,False
11.34859,37.46644,8.745757,.,.,False,29.79262,1.732834,False
11.35731,37.46644,8.745757,.,.,False,29.79262,1.732834,False
11.37072,37.63293,8.777494,.,.,False,31.67075,2.562499,False
11.38026,37.63293,8.777494,.,.,False,31.67075,2.562499,False
11.39259,37.79257,8.80501,.,.,False,30.507,3.382612,False
11.40568,37.95996,8.830564,.,.,False,29.15959,2.891505,False
11.42436,38.11656,8.851558,.,.,False,30.47837,2.191031,False
11.42759,38.11656,8.851558,.,.,False,30.47837,2.191031,False
11.43959,38.11656,8.851558,.,.,False,30.47837,2.191031,False
11.44973,38.27951,8.869911,.,.,False,28.4404,1.239656,False
11.45954,38.27951,8.869911,.,.,False,28.4404,1.239656,False
11.47194,38.45036,8.885883,.,.,False,29.51689,0.4069572,False
11.4815,38.61555,8.898218,.,.,False,30.88699,0.04828847,False
11.49365,38.61555,8.898218,.,.,False,30.88699,0.04828847,False
11.50569,38.79113,8.90779,.,.,False,29.81755,0,False
11.51484,38.79113,8.90779,.,.,False,29.81755,0,False
11.52616,38.96043,8.913856,.,.,False,31.65218,0,False
11.53866,38.96043,8.913856,.,.,False,31.65218,0,False
11.54758,39.12112,8.91624,.,.,False,30.49294,0,False
11.55955,39.12112,8.91624,.,.,False,30.49294,0,False
11.57114,39.28824,8.91504,.,.,False,28.92838,0,False
11.58259,39.46252,8.910354,.,.,False,30.08173,0,False
11.59202,39.46252,8.910354,.,.,False,30.08173,0,False
11.60411,39.63063,8.902609,.,.,False,31.3813,0,False
11.61442,39.63063,8.902609,.,.,False,31.3813,0,False
11.62507,39.78848,8.892106,.,.,False,30.29264,0,False
11.63684,39.78848,8.892106,.,.,False,30.29264,0,False
11.64703,39.9519,8.877583,.,.,False,28.47516,0,False
11.65817,39.9519,8.877583,.,.,False,28.47516,0,False
11.66987,40.12426,8.859048,.,.,False,29.53132,0,False
11.67983,40.12426,8.859048,.,.,False,29.53132,0,True
11.69111,40.28811,8.837315,.,.,False,31.20461,0,True
11.70279,40.45259,8.811682,.,.,False,29.75047,0,False
11.71243,40.45259,8.811682,.,.,False,29.75047,0,False
11.72418,40.62334,8.781346,.,.,False,29.96509,0,False
11.73582,40.62334,8.781346,.,.,False,29.96509,0,False
11.74523,40.78745,8.748911,.,.,False,31.21563,0,False
11.75577,40.78745,8.748911,.,.,False,31.21563,0,False
11.76888,40.95119,8.713667,.,.,False,30.11087,0,False
11.77908,40.95119,8.713667,.,.,False,30.11087,0,True
11.80046,41.10938,8.674838,.,.,False,30.14954,-1.18446,True
11.80376,41.27597,8.631101,.,.,False,29.31915,-1.308139,False
11.81458,41.27597,8.631101,.,.,False,29.31915,-1.308139,False
11.82541,41.436,8.586814,.,.,False,31.00274,-2.12007,False
11.83844,41.436,8.586814,.,.,False,31.00274,-2.12007,False
11.8485,41.5989,8.539388,.,.,False,29.88788,-2.986024,False
11.85926,41.5989,8.539388,.,.,False,29.88788,-2.986024,False
11.87236,41.75345,8.49268,.,.,False,30.53942,-3.880605,False
11.88425,41.91486,8.442193,.,.,False,29.06161,-4.326656,True
11.89374,41.91486,8.442193,.,.,False,29.06161,-4.326656,True
11.90637,42.06528,8.394202,.,.,False,30.44189,-5.155999,True
11.91612,42.06528,8.394202,.,.,False,30.44189,-5.155999,True
11.93763,42.22123,8.343399,.,.,False,28.42044,-3.983778,True
11.94101,42.38435,8.289441,.,.,False,29.52216,-3.8568,True
11.95242,42.38435,8.289441,.,.,False,29.52216,-3.8568,True
11.95994,42.38435,8.289441,.,.,False,29.52216,-3.8568,True
11.97359,42.5418,8.236771,.,.,False,30.92758,-2.635009,True
11.98749,42.70872,8.180295,.,.,False,29.88465,-2.11398,True
12.00092,42.86946,8.125424,.,.,False,31.71826,-1.610407,True
12.00993,42.86946,8.125424,.,.,False,31.71826,-1.610407,True
12.0202,42.86946,8.125424,.,.,False,31.71826,-1.610407,True
12.02981,43.02242,8.072726,.,.,False,30.57242,-0.5269275,True
12.04113,43.18167,8.01733,.,.,False,29.12112,-0.1023,True
12.0535,43.18167,8.01733,.,.,False,29.12112,-0.1023,True
12.06346,43.34176,7.961174,.,.,False,30.35032,0,True
12.07472,43.34176,7.961174,.,.,False,30.35032,0,True
12.08663,43.49212,7.908008,.,.,False,30.53765,0,True
12.09603,43.49212,7.908008,.,.,False,30.53765,0,True
12.10749,43.64803,7.85238,.,.,False,28.70533,0,True
12.11964,43.64803,7.85238,.,.,False,28.70533,0,True
12.12933,43.81247,7.793234,.,.,False,29.79644,0,True
12.14057,43.81247,7.793234,.,.,False,29.79644,0,True
12.1529,43.97118,7.735732,.,.,False,31.45539,0,True
12.16249,44.12502,7.67955,.,.,False,30.38528,0,True
12.17383,44.12502,7.67955,.,.,False,30.38528,0,True
12.18565,44.28658,7.620056,.,.,False,29.48083,0,True
12.19546,44.28658,7.620056,.,.,False,29.48083,0,True
12.20671,44.44221,7.562322,.,.,False,30.9884,0,True
12.2188,44.44221,7.562322,.,.,False,30.9884,0,True
12.22828,44.60782,7.500375,.,.,False,29.88072,0,True
12.23789,44.60782,7.500375,.,.,False,29.88072,0,True
12.25199,44.7673,7.440303,.,.,False,31.82688,0,True
12.26132,44.91951,7.382523,.,.,False,30.67521,0,True
12.27277,44.91951,7.382523,.,.,False,30.67521,0,True
12.28479,45.07833,7.321728,.,.,False,29.30528,0,True
12.29397,45.07833,7.321728,.,.,False,29.30528,0,True
12.3067,45.22946,7.26345,.,.,False,30.61022,0,True
12.3163,45.22946,7.26345,.,.,False,30.61022,0,True
12.32817,45.38701,7.202197,.,.,False,29.15686,0,True
12.34006,45.38701,7.202197,.,.,False,29.15686,0,True
12.35143,45.54777,7.139235,.,.,False,30.42688,0,True
12.36105,45.70317,7.07794,.,.,False,31.07615,0,True
12.37301,45.70317,7.07794,.,.,False,31.07615,0,True
12.38482,45.86649,7.013021,.,.,False,30.07029,0,True
12.39392,45.86649,7.013021,.,.,False,30.07029,0,True
12.40664,46.02387,6.95003,.,.,False,31.63411,0,True
12.41878,46.02387,6.95003,.,.,False,31.63411,0,True
12.4375,46.17465,6.889443,.,.,False,30.51364,-1.1574,True
12.44081,46.33275,6.825858,.,.,False,29.24949,-1.281634,True
12.4518,46.33275,6.825858,.,.,False,29.24949,-1.281634,True
12.45898,46.33275,6.825858,.,.,False,29.24949,-1.281634,True
12.47249,46.48318,6.765641,.,.,False,30.67253,-2.469424,True
12.48475,46.64116,6.703038,.,.,False,29.16719,-2.929144,True
12.49446,46.64116,6.703038,.,.,False,29.16719,-2.929144,True
12.50714,46.78863,6.645552,.,.,False,30.58608,-3.768896,True
12.51649,46.78863,6.645552,.,.,False,30.58608,-3.768896,True
12.52821,46.94236,6.587185,.,.,False,28.49078,-4.558984,True
12.54077,46.94236,6.587185,.,.,False,28.49078,-4.558984,True
12.56005,47.10368,6.527584,.,.,False,29.59921,-3.365006,True
12.56418,47.2601,6.471591,.,.,False,30.95598,-3.210278,True
12.57574,47.2601,6.471591,.,.,False,30.95598,-3.210278,True
12.58798,47.42707,6.414004,.,.,False,29.90566,-2.317717,True
12.59987,47.42707,6.414004,.,.,False,29.90566,-2.317717,True
12.60968,47.58863,6.36026,.,.,False,31.79252,-1.503825,True
12.62294,47.74302,6.311061,.,.,False,30.64749,-1.006549,True
12.63491,47.74302,6.311061,.,.,False,30.64749,-1.006549,True
12.64396,47.90453,6.261991,.,.,False,29.16612,-0.2186211,True
12.65641,47.90453,6.261991,.,.,False,29.16612,-0.2186211,True
12.66798,48.06856,6.214342,.,.,False,30.38392,0,True
12.67733,48.06856,6.214342,.,.,False,30.38392,0,True
12.68926,48.22748,6.170289,.,.,False,30.74537,0,True
12.70083,48.3968,6.125792,.,.,False,29.68448,0,True
12.71005,48.3968,6.125792,.,.,False,29.68448,0,True
12.72236,48.56047,6.084817,.,.,False,31.51281,0,True
12.73346,48.56047,6.084817,.,.,False,31.51281,0,True
12.74292,48.71618,6.047987,.,.,False,30.36994,0,True
12.75541,48.71618,6.047987,.,.,False,30.36994,0,True
12.77461,48.87817,6.011796,.,.,False,28.8014,1.188315,True
12.77785,48.87817,6.011796,.,.,False,28.8014,1.188315,True
12.78986,49.05003,5.975204,.,.,False,29.87714,1.760276,True
12.79993,49.05003,5.975204,.,.,False,29.87714,1.760276,True
12.80968,49.21622,5.941071,.,.,False,31.627,2.503785,True
12.82295,49.37224,5.90997,.,.,False,30.5396,3.001178,True
12.8317,49.37224,5.90997,.,.,False,30.5396,3.001178,True
12.84375,49.53407,5.878524,.,.,False,28.63604,3.781226,True
12.85589,49.53407,5.878524,.,.,False,28.63604,3.781226,True
12.86782,49.70378,5.846128,.,.,False,29.67417,3.789022,True
12.88731,49.86776,5.815135,.,.,False,31.09914,3.058354,True
12.89053,49.86776,5.815135,.,.,False,31.09914,3.058354,True
12.90202,50.04208,5.78247,.,.,False,30.03845,2.506736,True
12.9095,50.04208,5.78247,.,.,False,30.03845,2.506736,True
12.92308,50.21019,5.751104,.,.,False,31.92434,1.716791,True
12.93542,50.21019,5.751104,.,.,False,31.92434,1.716791,True
12.94528,50.37326,5.720774,.,.,False,30.78103,0.8844634,True
12.95798,50.37326,5.720774,.,.,False,30.78103,0.8844634,True
12.97006,50.54656,5.688622,.,.,False,29.85566,0,True
12.97956,50.54656,5.688622,.,.,False,29.85566,0,True
12.99099,50.7137,5.657654,.,.,False,31.72748,0,True
13.00284,50.87329,5.628108,.,.,False,30.59655,0,True
13.01243,50.87329,5.628108,.,.,False,30.59655,0,True
13.02472,51.04002,5.597265,.,.,False,29.21494,0,True
13.03608,51.04002,5.597265,.,.,False,29.21494,0,True
13.04527,51.19929,5.567813,.,.,False,30.52015,0,True
13.05571,51.19929,5.567813,.,.,False,30.52015,0,True
13.06698,51.36577,5.537035,.,.,False,29.15422,0,True
13.07865,51.36577,5.537035,.,.,False,29.15422,0,True
13.09021,51.5298,5.506718,.,.,False,30.47528,0,True
13.10159,51.7028,5.474743,.,.,False,30.02461,0,True
13.11124,51.7028,5.474743,.,.,False,30.02461,0,True
13.12324,51.86965,5.443909,.,.,False,31.66879,0,True
13.13444,51.86965,5.443909,.,.,False,31.66879,0,False
13.14391,52.03088,5.414115,.,.,False,30.54126,0,False
13.15604,52.03088,5.414115,.,.,False,30.54126,0,False
13.16721,52.20153,5.382582,.,.,False,29.51245,0,False
13.17664,52.20153,5.382582,.,.,False,29.51245,0,False
13.18872,52.36599,5.35219,.,.,False,31.23612,0,False
13.19815,52.36599,5.35219,.,.,False,31.23612,0,False
13.20998,52.5308,5.321737,.,.,False,30.10554,0,False
13.22319,52.6932,5.291729,.,.,False,30.16707,0,False
13.23528,52.6932,5.291729,.,.,False,30.16707,0,False
13.2444,52.86534,5.259921,.,.,False,29.72602,0,False
13.25529,52.86534,5.259921,.,.,False,29.72602,0,False
13.26689,53.03131,5.229251,.,.,False,31.51023,0,False
13.27625,53.03131,5.229251,.,.,False,31.51023,0,False
13.28874,53.18915,5.200087,.,.,False,30.38194,0,False
13.30022,53.18915,5.200087,.,.,False,30.38194,0,False
13.31003,53.35355,5.169708,.,.,False,28.89078,0,False
13.32203,53.52218,5.13855,.,.,False,30.09408,0,False
13.33333,53.52218,5.13855,.,.,False,30.09408,0,False
13.34319,53.68511,5.108238,.,.,False,30.86641,0.3693713,False
13.36455,53.85447,5.076294,.,.,False,29.83137,1.170439,False
13.36774,53.85447,5.076294,.,.,False,29.83137,1.170439,False
13.37722,53.85447,5.076294,.,.,False,29.83137,1.170439,False
13.3892,54.01767,5.044817,.,.,False,31.02271,2.09505,False
13.40138,54.18554,5.011327,.,.,False,29.91746,2.551811,False
13.41047,54.18554,5.011327,.,.,False,29.91746,2.551811,False
13.42348,54.3472,4.977697,.,.,False,30.81166,3.380389,False
13.43488,54.3472,4.977697,.,.,False,30.81166,3.380389,False
13.44467,54.51883,4.939935,.,.,False,29.72158,4.175212,False
13.45633,54.51883,4.939935,.,.,False,29.72158,4.175212,False
13.46589,54.68367,4.901438,.,.,False,31.63266,4.97103,False
13.47806,54.68367,4.901438,.,.,False,31.63266,4.97103,False
13.49719,54.84066,4.862182,.,.,False,30.46865,3.797408,False
13.50257,55.00404,4.818355,.,.,False,29.12886,3.595939,False
13.51197,55.00404,4.818355,.,.,False,29.12886,3.595939,False
13.52359,55.15593,4.774988,.,.,False,30.44881,2.807396,False
13.53295,55.15593,4.774988,.,.,False,30.44881,2.807396,False
13.54504,55.31275,4.727013,.,.,False,28.43256,2.003171,False
13.55727,55.31275,4.727013,.,.,False,28.43256,2.003171,False
13.5699,55.4761,4.674021,.,.,False,29.5182,1.070693,False
13.57916,55.4761,4.674021,.,.,False,29.5182,1.070693,False
13.59056,55.633,4.620271,.,.,False,30.91227,0.2962126,False
13.60282,55.79838,4.560294,.,.,False,29.85343,0,False
13.61225,55.79838,4.560294,.,.,False,29.85343,0,False
13.62366,55.9568,4.499933,.,.,False,31.66484,0,False
13.63573,55.9568,4.499933,.,.,False,31.66484,0,False
13.64506,56.10663,4.43972,.,.,False,30.51641,0,False
13.65713,56.10663,4.43972,.,.,False,30.51641,0,False
13.6694,56.26173,4.374142,.,.,False,29.06515,-0.4603388,False
13.68653,56.41438,4.307015,.,.,False,30.31184,-1.10274,False
13.69198,56.41438,4.307015,.,.,False,30.31184,-1.10274,False
13.70338,56.57079,4.235749,.,.,False,30.01638,-1.734604,False
13.71073,56.57079,4.235749,.,.,False,30.01638,-1.734604,False
13.72486,56.72099,4.165464,.,.,False,30.93786,-2.53995,False
13.73676,56.72099,4.165464,.,.,False,30.93786,-2.53995,False
13.74627,56.8755,4.091404,.,.,False,29.84984,-3.342799,False
13.75826,56.8755,4.091404,.,.,False,29.84984,-3.342799,False
13.77002,57.02409,4.019076,.,.,False,30.84243,-4.233341,False
13.77944,57.02409,4.019076,.,.,False,30.84243,-4.233341,False
13.79075,57.18131,3.941586,.,.,False,29.74599,-5.010874,False
13.80259,57.33271,3.86665,.,.,False,31.55028,-5.454833,False
13.81228,57.33271,3.86665,.,.,False,31.55028,-5.454833,False
13.82689,57.47647,3.795607,.,.,False,30.40805,-6.366177,False
13.8349,57.47647,3.795607,.,.,False,30.40805,-6.366177,False
13.8445,57.62622,3.722049,.,.,False,28.86397,-7.026436,False
13.85652,57.62622,3.722049,.,.,False,28.86397,-7.026436,False
13.86794,57.78318,3.645856,.,.,False,30.03117,-7.905549,False
13.87783,57.78318,3.645856,.,.,False,30.03117,-7.905549,False
13.89925,57.93525,3.57321,.,.,False,31.40591,-6.731269,False
13.90239,58.08001,3.505462,.,.,False,30.33499,-6.613763,False
13.91215,58.08001,3.505462,.,.,False,30.33499,-6.613763,False
13.92357,58.23138,3.436339,.,.,False,28.76872,-5.819326,False
13.93295,58.23138,3.436339,.,.,False,28.76872,-5.819326,False
13.94504,58.38975,3.365744,.,.,False,29.95427,-5.014501,False
13.95446,58.38975,3.365744,.,.,False,29.95427,-5.014501,False
13.96948,58.54335,3.298935,.,.,False,31.20981,-4.097773,False
13.97886,58.54335,3.298935,.,.,False,31.20981,-4.097773,False
13.99027,58.69468,3.234885,.,.,False,30.14952,-3.31811,False
14.00244,58.85603,3.168562,.,.,False,29.57904,-2.861724,False
14.01157,58.85603,3.168562,.,.,False,29.57904,-2.861724,False
14.02266,59.01213,3.106095,.,.,False,31.40092,-2.103695,False
14.03471,59.01213,3.106095,.,.,False,31.40092,-2.103695,False
14.04477,59.15915,3.049007,.,.,False,30.26504,-1.274649,False
14.058,59.15915,3.049007,.,.,False,30.26504,-1.274649,False
14.06851,59.31209,2.991568,.,.,False,28.38832,-0.3841177,False
14.07785,59.31209,2.991568,.,.,False,28.38832,-0.3841177,False
14.08971,59.47286,2.933036,.,.,False,29.40554,0,False
14.09937,59.47286,2.933036,.,.,False,29.40554,0,False
14.11033,59.6286,2.877989,.,.,False,30.79726,0,False
14.12237,59.79491,2.82114,.,.,False,29.73342,0,False
14.13128,59.79491,2.82114,.,.,False,29.73342,0,False
14.14267,59.95569,2.767815,.,.,False,31.6352,0,False
14.15467,59.95569,2.767815,.,.,False,31.6352,0,False
14.16382,60.10915,2.718668,.,.,False,30.49141,0,False
14.17573,60.10915,2.718668,.,.,False,30.49141,0,False
14.18716,60.26955,2.669233,.,.,False,29.00468,0,False
14.19669,60.26955,2.669233,.,.,False,29.00468,0,False
14.20841,60.43355,2.620486,.,.,False,30.21288,0,False
14.21975,60.43355,2.620486,.,.,False,30.21288,0,False
14.22926,60.59258,2.574879,.,.,False,30.79609,0,False
14.24056,60.59258,2.574879,.,.,False,30.79609,0,False
14.25205,60.76167,2.528333,.,.,False,29.77976,0,False
14.26132,60.92509,2.484985,.,.,False,31.5686,0,False
14.27102,60.92509,2.484985,.,.,False,31.5686,0,False
14.28552,61.08089,2.445385,.,.,False,30.4324,0,False
14.29483,61.08089,2.445385,.,.,False,30.4324,0,False
14.30577,61.24361,2.40594,.,.,False,28.93504,0,False
14.31557,61.24361,2.40594,.,.,False,28.93504,0,False
14.32676,61.41057,2.367227,.,.,False,30.13892,0,False
14.33886,61.41057,2.367227,.,.,False,30.13892,0,False
14.3484,61.57232,2.331367,.,.,False,30.84941,0,False
14.35947,61.57232,2.331367,.,.,False,30.84941,0,False
14.371,61.74211,2.295601,.,.,False,29.82062,0,False
14.38073,61.74211,2.295601,.,.,False,29.82062,0,False
14.39216,61.90613,2.262685,.,.,False,31.2342,0,False
14.40375,62.06639,2.232276,.,.,False,30.11228,0,False
14.41309,62.06639,2.232276,.,.,False,30.11228,0,False
14.42427,62.23579,2.202004,.,.,False,29.36086,0,False
14.43604,62.23579,2.202004,.,.,False,29.36086,0,False
14.44555,62.39936,2.17438,.,.,False,30.97653,0,False
14.45562,62.39936,2.17438,.,.,False,30.97653,0,False
14.46877,62.56984,2.147436,.,.,False,29.85851,0,False
14.47787,62.56984,2.147436,.,.,False,29.85851,0,False
14.49045,62.73444,2.123038,.,.,False,31.06763,0,False
14.50158,62.90448,2.099688,.,.,False,29.95106,0,False
14.51083,62.90448,2.099688,.,.,False,29.95106,0,False
14.52312,63.06866,2.078768,.,.,False,30.89444,0,False
14.53457,63.06866,2.078768,.,.,False,30.89444,0,False
14.54326,63.24352,2.058429,.,.,False,29.79153,0,False
14.55583,63.24352,2.058429,.,.,False,29.79153,0,False
14.5678,63.41217,2.040409,.,.,False,31.68651,0,False
14.57739,63.41217,2.040409,.,.,False,31.68651,0,False
14.58909,63.57382,2.024837,.,.,False,30.53062,0,False
14.60111,63.74319,2.010405,.,.,False,29.23136,0,False
14.6107,63.74319,2.010405,.,.,False,29.23136,0,False
14.62263,63.90167,1.998439,.,.,False,30.59813,0,False
14.63102,63.90167,1.998439,.,.,False,30.59813,0,False
14.64309,64.0665,1.987857,.,.,False,28.6063,0,False
14.65449,64.0665,1.987857,.,.,False,28.6063,0,False
14.66444,64.23996,1.978434,.,.,False,29.72941,0,False
14.67522,64.23996,1.978434,.,.,False,29.72941,0,False
14.68748,64.40763,1.970898,.,.,False,31.26973,0,False
14.69703,64.40763,1.970898,.,.,False,31.26973,0,False
14.70838,64.57832,1.964983,.,.,False,30.21088,0,False
14.71988,64.57832,1.964983,.,.,False,30.21088,0,False
14.72943,64.7431,1.96089,.,.,False,30.74147,0,False
14.74117,64.91846,1.958436,.,.,False,29.66971,0,False
14.75321,64.91846,1.958436,.,.,False,29.66971,0,False
14.76252,65.08746,1.957648,.,.,False,31.5685,0,False
14.77447,65.08746,1.957648,.,.,False,31.5685,0,True
14.78711,65.24619,1.958555,.,.,False,30.41981,0,True
14.79954,65.24619,1.958555,.,.,False,30.41981,0,True
14.80852,65.41065,1.961351,.,.,False,28.57133,0,True
14.81996,65.41065,1.961351,.,.,False,28.57133,0,True
14.82951,65.5834,1.966031,.,.,False,29.60899,0,True
14.84138,65.75018,1.972106,.,.,False,31.10663,0,True
14.85396,65.75018,1.972106,.,.,False,31.10663,0,True
14.86386,65.92501,1.980302,.,.,False,30.0383,0,True
14.87476,65.92501,1.980302,.,.,False,30.0383,0,True
14.88716,66.09353,1.98979,.,.,False,31.50468,0,True
14.89655,66.09353,1.98979,.,.,False,31.50468,0,True
14.9079,66.2524,2.000378,.,.,False,30.38109,0,True
14.91984,66.2524,2.000378,.,.,False,30.38109,0,True
14.92899,66.41716,2.013218,.,.,False,28.65934,0,True
14.93961,66.41716,2.013218,.,.,False,28.65934,0,True
14.95291,66.59138,2.028566,.,.,False,29.74748,0,True
14.96257,66.75943,2.044954,.,.,False,31.48115,0,True
14.97363,66.75943,2.044954,.,.,False,31.48115,0,True
14.98604,66.91682,2.061896,.,.,False,30.39265,0,True
14.9951,66.91682,2.061896,.,.,False,30.39265,0,True
15.00732,67.0797,2.081275,.,.,False,28.49291,0,True
15.01885,67.0797,2.081275,.,.,False,28.49291,0,True
15.02851,67.25011,2.103289,.,.,False,29.52482,0,True
15.04077,67.25011,2.103289,.,.,False,29.52482,0,True
15.05231,67.41447,2.126088,.,.,False,30.9302,0,True
15.06159,67.58897,2.152147,.,.,False,29.86659,0,True
15.07435,67.58897,2.152147,.,.,False,29.86659,0,True
15.08641,67.75691,2.178818,.,.,False,31.75939,0,True
15.09552,67.75691,2.178818,.,.,False,31.75939,0,True
15.10786,67.91704,2.205948,.,.,False,30.60777,0,True
15.1193,67.91704,2.205948,.,.,False,30.60777,0,True
15.12939,68.08397,2.236129,.,.,False,29.23393,0,True
15.13979,68.08397,2.236129,.,.,False,29.23393,0,True
15.15336,68.24244,2.266366,.,.,False,30.53525,0,True
15.16248,68.4073,2.299684,.,.,False,29.03922,0,True
15.17404,68.4073,2.299684,.,.,False,29.03922,0,True
15.18634,68.57779,2.335677,.,.,False,30.27343,0.4612387,True
15.20522,68.74239,2.371603,.,.,False,31.36545,1.169066,True
15.20832,68.74239,2.371603,.,.,False,31.36545,1.169066,True
15.22017,68.74239,2.371603,.,.,False,31.36545,1.169066,True
15.22816,68.89935,2.406784,.,.,False,30.32503,2.029448,True
15.24044,68.89935,2.406784,.,.,False,30.32503,2.029448,True
15.24976,69.06254,2.444127,.,.,False,28.95333,2.839624,True
15.262,69.23243,2.483356,.,.,False,30.13448,3.298687,True
15.27435,69.23243,2.483356,.,.,False,30.13448,3.298687,True
15.28621,69.39659,2.521137,.,.,False,31.38463,4.206405,True
15.29572,69.39659,2.521137,.,.,False,31.38463,4.206405,True
15.30722,69.55049,2.556054,.,.,False,30.32158,4.994096,True
15.31977,69.55049,2.556054,.,.,False,30.32158,4.994096,True
15.32976,69.71018,2.591393,.,.,False,28.4064,5.839616,True
15.34101,69.87769,2.627138,.,.,False,29.43974,6.261198,True
15.35315,69.87769,2.627138,.,.,False,29.43974,6.261198,True
15.36278,70.03976,2.659986,.,.,False,30.83126,7.077809,True
15.37264,70.03976,2.659986,.,.,False,30.83126,7.077809,True
15.38632,70.21258,2.692578,.,.,False,29.76549,7.960387,True
15.39582,70.21258,2.692578,.,.,False,29.76549,7.960387,True
15.40785,70.3795,2.721444,.,.,False,31.65526,8.767792,True
15.41998,70.3795,2.721444,.,.,False,31.65526,8.767792,True
15.4392,70.53889,2.746023,.,.,False,30.49241,7.592118,True
15.44238,70.70546,2.768325,.,.,False,29.03054,7.472797,True
15.45411,70.70546,2.768325,.,.,False,29.03054,7.472797,True
15.46231,70.87247,2.787464,.,.,False,30.24864,6.725421,True
15.47926,70.87247,2.787464,.,.,False,30.24864,6.725421,True
15.48874,71.03079,2.802502,.,.,False,30.25748,5.734255,True
15.49809,71.03079,2.802502,.,.,False,30.25748,5.734255,True
15.51064,71.19543,2.814599,.,.,False,28.62679,4.912882,True
15.52244,71.36968,2.824075,.,.,False,29.71433,4.470573,True
15.53224,71.36968,2.824075,.,.,False,29.71433,4.470573,True
15.5436,71.53798,2.830097,.,.,False,31.41191,3.677055,True
15.55628,71.53798,2.830097,.,.,False,31.41191,3.677055,True
15.5661,71.69591,2.832593,.,.,False,30.31248,2.83314,True
15.57771,71.69591,2.832593,.,.,False,30.31248,2.83314,True
15.58972,71.85953,2.831525,.,.,False,28.43054,1.947611,True
15.59959,71.85953,2.831525,.,.,False,28.43054,1.947611,True
15.6111,72.03107,2.827008,.,.,False,29.45244,1.145962,True
15.62318,72.1965,2.819547,.,.,False,30.88962,0.6926663,True
15.63436,72.1965,2.819547,.,.,False,30.88962,0.6926663,True
15.64379,72.37138,2.808026,.,.,False,29.80722,0,True
15.65631,72.37138,2.808026,.,.,False,29.80722,0,True
15.67565,72.53965,2.794016,.,.,False,31.5467,-1.194555,True
15.6814,72.69839,2.77798,.,.,False,30.39337,-1.410255,True
15.69092,72.69839,2.77798,.,.,False,30.39337,-1.410255,True
15.70239,72.86288,2.758524,.,.,False,28.7181,-2.197365,True
15.71183,72.86288,2.758524,.,.,False,28.7181,-2.197365,True
15.72425,73.0367,2.735631,.,.,False,29.81488,-3.017231,True
15.73656,73.0367,2.735631,.,.,False,29.81488,-3.017231,True
15.74627,73.20435,2.711858,.,.,False,31.55831,-3.842794,True
15.7584,73.20435,2.711858,.,.,False,31.55831,-3.842794,True
15.77012,73.36256,2.688045,.,.,False,30.47995,-4.737506,True
15.78001,73.36256,2.688045,.,.,False,30.47995,-4.737506,True
15.78984,73.52676,2.662054,.,.,False,28.79721,-5.476804,True
15.80309,73.70051,2.633732,.,.,False,29.92516,-5.973664,True
15.81267,73.70051,2.633732,.,.,False,29.92516,-5.973664,True
15.82258,73.86827,2.606117,.,.,False,31.68612,-6.704696,True
15.83677,73.86827,2.606117,.,.,False,31.68612,-6.704696,True
15.84707,74.02782,2.579748,.,.,False,30.60314,-6.850368,True
15.86853,74.19413,2.552244,.,.,False,29.10807,-6.045833,True
15.87136,74.19413,2.552244,.,.,False,29.10807,-6.045833,True
15.88082,74.36249,2.524538,.,.,False,30.34268,-5.584822,True
15.89194,74.36249,2.524538,.,.,False,30.34268,-5.584822,True
15.90425,74.52522,2.497998,.,.,False,30.71201,-4.706317,True
15.91412,74.52522,2.497998,.,.,False,30.71201,-4.706317,True
15.92567,74.69817,2.470129,.,.,False,29.67812,-3.902958,True
15.93786,74.69817,2.470129,.,.,False,29.67812,-3.902958,True
15.94735,74.86496,2.443579,.,.,False,31.53217,-3.089951,True
15.95885,74.86496,2.443579,.,.,False,31.53217,-3.089951,True
15.97066,75.022,2.418948,.,.,False,30.40078,-2.215886,True
15.98033,75.022,2.418948,.,.,False,30.40078,-2.215886,True
15.99137,75.18481,2.393847,.,.,False,28.61206,-1.439437,True
16.00329,75.35585,2.367901,.,.,False,29.6519,-0.9922007,True
16.01351,75.35585,2.367901,.,.,False,29.6519,-0.9922007,True
16.0247,75.5211,2.343216,.,.,False,31.14032,-0.1894419,True
16.03642,75.5211,2.343216,.,.,False,31.14032,-0.1894419,True
16.04639,75.69522,2.31767,.,.,False,30.07545,0,True
16.0581,75.69522,2.31767,.,.,False,30.07545,0,True
16.07027,75.86319,2.293421,.,.,False,31.67634,0,True
16.08009,75.86319,2.293421,.,.,False,31.67634,0,True
16.09147,76.02469,2.270526,.,.,False,30.54755,0,True
16.10312,76.19456,2.246922,.,.,False,29.3603,0,True
16.11302,76.19456,2.246922,.,.,False,29.3603,0,True
16.12463,76.35835,2.224566,.,.,False,30.87114,0,True
16.13633,76.35835,2.224566,.,.,False,30.87114,0,True
16.14561,76.53293,2.201224,.,.,False,29.75512,0,True
16.15757,76.53293,2.201224,.,.,False,29.75512,0,True
16.16907,76.70119,2.179121,.,.,False,31.70393,0,True
16.17858,76.70119,2.179121,.,.,False,31.70393,0,True
16.19043,76.86166,2.158465,.,.,False,30.54865,0,True
16.20085,77.02908,2.137595,.,.,False,29.12251,-0.3905813,True
16.2224,77.19556,2.1177,.,.,False,30.36858,-1.198665,False
16.2255,77.19556,2.1177,.,.,False,30.36858,-1.198665,False
16.23559,77.19556,2.1177,.,.,False,30.36858,-1.198665,False
16.24432,77.3632,2.098848,.,.,False,30.17922,-2.020744,False
16.25779,77.3632,2.098848,.,.,False,30.17922,-2.020744,False
16.26995,77.52046,2.082613,.,.,False,30.36477,-2.981779,False
16.27943,77.52046,2.082613,.,.,False,30.36477,-2.981779,False
16.28913,77.68377,2.067729,.,.,False,28.45843,-3.701333,False
16.30398,77.85529,2.054419,.,.,False,29.51669,-4.257923,False
16.31386,77.85529,2.054419,.,.,False,29.51669,-4.257923,False
16.32536,78.02103,2.044156,.,.,False,30.9654,-5.059669,False
16.33721,78.02103,2.044156,.,.,False,30.9654,-5.059669,False
16.34805,78.19611,2.036746,.,.,False,29.89183,-5.910532,False
16.35945,78.19611,2.036746,.,.,False,29.89183,-5.910532,False
16.37205,78.36489,2.032803,.,.,False,31.54109,-5.865788,False
16.3917,78.52345,2.032538,.,.,False,30.38961,-5.128602,False
16.39453,78.52345,2.032538,.,.,False,30.38961,-5.128602,False
16.40574,78.68762,2.036248,.,.,False,28.53969,-4.602342,False
16.41511,78.68762,2.036248,.,.,False,28.53969,-4.602342,False
16.42659,78.85999,2.04394,.,.,False,29.55948,-3.820448,False
16.4391,78.85999,2.04394,.,.,False,29.55948,-3.820448,False
16.45111,79.02608,2.054869,.,.,False,31.05832,-2.900929,False
16.46041,79.02608,2.054869,.,.,False,31.05832,-2.900929,False
16.47242,79.19897,2.070268,.,.,False,29.95985,-2.101741,False
16.4822,79.3652,2.088676,.,.,False,31.24371,-1.735084,False
16.49341,79.3652,2.088676,.,.,False,31.24371,-1.735084,False
16.50498,79.53183,2.111136,.,.,False,30.10465,-0.8807669,False
16.51475,79.53183,2.111136,.,.,False,30.10465,-0.8807669,False
16.52571,79.68872,2.135905,.,.,False,30.26589,-0.1032868,False
16.53754,79.68872,2.135905,.,.,False,30.26589,-0.1032868,False
16.54729,79.85102,2.165673,.,.,False,28.58982,0,False
16.55885,79.85102,2.165673,.,.,False,28.58982,0,False
16.57089,80.02172,2.200785,.,.,False,29.70098,0,False
16.58072,80.02172,2.200785,.,.,False,29.70098,0,False
16.59198,80.18571,2.238156,.,.,False,31.36994,0,False
16.60414,80.33872,2.276663,.,.,False,30.27393,0,False
16.61384,80.33872,2.276663,.,.,False,30.27393,0,False
16.62516,80.4962,2.320539,.,.,False,28.40166,0,False
16.63727,80.4962,2.320539,.,.,False,28.40166,0,False
16.64645,80.66053,2.370332,.,.,False,29.42534,0,False
16.65655,80.66053,2.370332,.,.,False,29.42534,0,False
16.67031,80.81798,2.421733,.,.,False,30.90701,0,False
16.68011,80.81798,2.421733,.,.,False,30.90701,0,False
16.69133,80.98154,2.479374,.,.,False,29.81294,0,False
16.70333,81.13793,2.538227,.,.,False,31.21609,0,False
16.71299,81.13793,2.538227,.,.,False,31.21609,0,False
16.72468,81.28886,2.599097,.,.,False,30.07711,0,False
16.73671,81.28886,2.599097,.,.,False,30.07711,0,False
16.74696,81.44641,2.667062,.,.,False,29.29228,0,False
16.75811,81.44641,2.667062,.,.,False,29.29228,0,False
16.7699,81.59669,2.735759,.,.,False,30.88628,0,False
16.77951,81.59669,2.735759,.,.,False,30.88628,0,False
16.78927,81.75168,2.811104,.,.,False,29.7434,0,False
16.80287,81.89936,2.886853,.,.,False,31.019,0,False
16.81217,81.89936,2.886853,.,.,False,31.019,0,False
16.82451,82.04688,2.967002,.,.,False,29.87529,0,False
16.83569,82.04688,2.967002,.,.,False,29.87529,0,False
16.84516,82.18629,3.046865,.,.,False,30.21926,0,False
16.85704,82.18629,3.046865,.,.,False,30.21926,0,False
16.86852,82.32991,3.133803,.,.,False,28.92132,0,False
16.87767,82.32991,3.133803,.,.,False,28.92132,0,False
16.89012,82.4662,3.22008,.,.,False,30.21805,0.467085,False
16.90935,82.60741,3.31359,.,.,False,29.03522,1.187989,False
16.91248,82.60741,3.31359,.,.,False,29.03522,1.187989,False
16.9228,82.73971,3.404327,.,.,False,30.48472,1.69248,False
16.93551,82.73971,3.404327,.,.,False,30.48472,1.69248,False
16.94501,82.8766,3.501573,.,.,False,28.87723,2.525317,False
16.95727,82.8766,3.501573,.,.,False,28.87723,2.525317,False
16.96729,83.00782,3.597239,.,.,False,30.22519,3.360701,False
16.97912,83.00782,3.597239,.,.,False,30.22519,3.360701,False
16.99035,83.14532,3.699958,.,.,False,29.22965,4.225496,False
16.99983,83.14532,3.699958,.,.,False,29.22965,4.225496,False
17.01175,83.27693,3.79987,.,.,False,30.8938,5.028259,False
17.02314,83.41496,3.906179,.,.,False,29.7427,5.455113,False
17.03256,83.41496,3.906179,.,.,False,29.7427,5.455113,False
17.04378,83.54761,4.009117,.,.,False,31.36029,6.229121,False
17.0555,83.54761,4.009117,.,.,False,31.36029,6.229121,False
17.06579,83.67224,4.106423,.,.,False,30.2224,6.283165,False
17.08737,83.80115,4.207611,.,.,False,28.46134,5.473878,False
17.09009,83.80115,4.207611,.,.,False,28.46134,5.473878,False
17.10022,83.80115,4.207611,.,.,False,28.46134,5.473878,False
17.10905,83.93646,4.314184,.,.,False,29.49792,4.660878,False
17.12242,84.06702,4.417189,.,.,False,31.00382,4.159399,False
17.14319,84.20395,4.525368,.,.,False,29.93419,3.380677,False
17.15577,84.20395,4.525368,.,.,False,29.93419,3.380677,False
17.15788,84.20395,4.525368,.,.,False,29.93419,3.380677,False
17.17019,84.33595,4.629724,.,.,False,31.41082,2.367859,False
17.17942,84.33595,4.629724,.,.,False,31.41082,2.367859,False
17.19271,84.46325,4.730424,.,.,False,30.2875,1.523482,False
17.20228,84.59634,4.83574,.,.,False,29.21726,1.164649,False
17.21474,84.59634,4.83574,.,.,False,29.21726,1.164649,False
17.22686,84.72058,4.934076,.,.,False,30.54919,0.2427486,False
17.23891,84.72058,4.934076,.,.,False,30.54919,0.2427486,False
17.24848,84.84961,5.036217,.,.,False,28.52101,0,False
17.26014,84.84961,5.036217,.,.,False,28.52101,0,False
17.27144,84.98466,5.14314,.,.,False,29.62113,0,False
17.28149,85.11517,5.246462,.,.,False,31.00637,0,False
17.29264,85.11517,5.246462,.,.,False,31.00637,0,False
17.30499,85.25403,5.356154,.,.,False,29.96103,0.4630087,False
17.32451,85.38818,5.461615,.,.,False,31.85332,1.195106,False
17.32729,85.38818,5.461615,.,.,False,31.85332,1.195106,False
17.33814,85.38818,5.461615,.,.,False,31.85332,1.195106,False
17.34751,85.51697,5.561944,.,.,False,30.71603,2.057482,False
17.35909,85.51697,5.561944,.,.,False,30.71603,2.057482,False
17.37134,85.65234,5.666039,.,.,False,29.38569,2.951141,False
17.38134,85.7794,5.762051,.,.,False,30.73901,3.326182,False
17.39276,85.7794,5.762051,.,.,False,30.73901,3.326182,False
17.40458,85.91244,5.860134,.,.,False,28.66603,4.197728,False
17.41431,85.91244,5.860134,.,.,False,28.66603,4.197728,False
17.4258,86.0528,5.961075,.,.,False,29.75132,4.13184,False
17.44606,86.18964,6.056884,.,.,False,31.12086,3.372015,False
17.44951,86.18964,6.056884,.,.,False,31.12086,3.372015,False
17.45904,86.18964,6.056884,.,.,False,31.12086,3.372015,False
17.47187,86.33647,6.156559,.,.,False,30.0685,2.40411,False
17.48147,86.47929,6.250712,.,.,False,31.94299,2.044249,False
17.49378,86.47929,6.250712,.,.,False,31.94299,2.044249,False
17.5061,86.61913,6.339848,.,.,False,30.79083,1.120508,False
17.51571,86.61913,6.339848,.,.,False,30.79083,1.120508,False
17.52695,86.76905,6.432076,.,.,False,29.84996,0.3385201,False
17.53917,86.76905,6.432076,.,.,False,29.84996,0.3385201,False
17.54834,86.91484,6.518884,.,.,False,31.68409,0,False
17.55982,86.91484,6.518884,.,.,False,31.68409,0,False
17.57199,87.05387,6.598705,.,.,False,30.54208,0,False
17.58328,87.19955,6.679119,.,.,False,28.85638,0,False
17.59244,87.19955,6.679119,.,.,False,28.85638,0,False
17.60477,87.35492,6.761862,.,.,False,29.95081,0,False
17.61438,87.35492,6.761862,.,.,False,29.95081,0,False
17.62532,87.50604,6.839611,.,.,False,31.68609,0,False
17.63714,87.50604,6.839611,.,.,False,31.68609,0,False
17.64769,87.64957,6.910656,.,.,False,30.59108,0,False
17.65855,87.64957,6.910656,.,.,False,30.59108,0,False
17.67046,87.79967,6.981868,.,.,False,28.82616,0,False
17.68031,87.79967,6.981868,.,.,False,28.82616,0,False
17.69143,87.95946,7.054749,.,.,False,29.90531,0,False
17.7031,88.11468,7.122931,.,.,False,31.61117,0,False
17.71261,88.11468,7.122931,.,.,False,31.61117,0,False
17.72446,88.26188,7.184932,.,.,False,30.51692,0,False
17.7359,88.26188,7.184932,.,.,False,30.51692,0,False
17.74525,88.41547,7.246642,.,.,False,28.75124,0,False
17.75742,88.41547,7.246642,.,.,False,28.75124,0,False
17.76838,88.57799,7.309128,.,.,False,29.7942,0,False
17.77816,88.57799,7.309128,.,.,False,29.7942,0,False
17.7899,88.73573,7.367237,.,.,False,31.34213,0,False
17.80136,88.89884,7.42445,.,.,False,30.25835,0,False
17.81058,88.89884,7.42445,.,.,False,30.25835,0,False
17.82245,89.057,7.477354,.,.,False,31.11437,0,False
17.8344,89.057,7.477354,.,.,False,31.11437,0,False
17.84418,89.22344,7.530076,.,.,False,30.01833,0,False
17.85583,89.22344,7.530076,.,.,False,30.01833,0,False
17.86605,89.38461,7.578571,.,.,False,31.42663,0,False
17.87681,89.38461,7.578571,.,.,False,31.42663,0,False
17.88869,89.53649,7.621677,.,.,False,30.29469,0,False
17.89095,89.53649,7.621677,.,.,False,30.29469,0,False
17.89896,89.53649,7.621677,.,.,False,30.29469,0,False
17.90992,89.69456,7.663669,.,.,False,28.41888,0,False
17.93135,89.86108,7.705202,.,.,False,29.4395,0,False
17.94213,90.02235,7.743021,.,.,False,30.8898,0,False
17.94462,90.02235,7.743021,.,.,False,30.8898,0,False
17.95403,90.02235,7.743021,.,.,False,30.8898,0,False
17.973,90.19363,7.780389,.,.,False,29.81744,0,False
17.97593,90.19363,7.780389,.,.,False,29.81744,0,False
17.98681,90.35915,7.814074,.,.,False,31.55509,0,False
17.99677,90.35915,7.814074,.,.,False,31.55509,0,False
18.01759,90.51576,7.843406,.,.,False,30.40405,0,False
18.02825,90.67869,7.871145,.,.,False,28.68016,0,False
18.03158,90.67869,7.871145,.,.,False,28.68016,0,False
18.04047,90.67869,7.871145,.,.,False,28.68016,0,False
18.06097,91.0186,7.922286,.,.,False,31.47796,-0.7686937,False
18.07136,91.0186,7.922286,.,.,False,31.47796,-0.7686937,False
18.0827,91.17555,7.943362,.,.,False,30.39557,-1.583344,False
18.0934,91.17555,7.943362,.,.,False,30.39557,-1.583344,False
18.09539,91.17555,7.943362,.,.,False,30.39557,-1.583344,False
18.10659,91.33841,7.963631,.,.,False,28.50484,-2.479271,False
18.11708,91.33841,7.963631,.,.,False,28.50484,-2.479271,False
18.12967,91.50916,7.983744,.,.,False,29.54078,-3.344703,False
18.14296,91.67416,8.002579,.,.,False,30.94877,-3.843015,False
18.15361,91.67416,8.002579,.,.,False,30.94877,-3.843015,False
18.16488,91.84969,8.022217,.,.,False,29.89104,-4.66521,False
18.17913,91.84969,8.022217,.,.,False,29.89104,-4.66521,False
18.19976,92.01891,8.041049,.,.,False,31.79417,-3.35709,False
18.21024,92.18073,8.059114,.,.,False,30.64769,-2.964363,False
18.22199,92.34991,8.078148,.,.,False,29.30792,-2.523671,False
18.22412,92.34991,8.078148,.,.,False,29.30792,-2.523671,False
18.23558,92.34991,8.078148,.,.,False,29.30792,-2.523671,False
18.2447,92.5083,8.096199,.,.,False,30.64421,-1.671843,False
18.25715,92.5083,8.096199,.,.,False,30.64421,-1.671843,False
18.26724,92.67278,8.115276,.,.,False,28.69345,-0.8268597,False
18.27865,92.67278,8.115276,.,.,False,28.69345,-0.8268597,False
18.29031,92.84537,8.135653,.,.,False,29.80326,0,False
18.30136,93.01212,8.155693,.,.,False,31.2824,0,False
18.31071,93.01212,8.155693,.,.,False,31.2824,0,False
18.32235,93.18674,8.177111,.,.,False,30.23122,0,False
18.33323,93.18674,8.177111,.,.,False,30.23122,0,False
18.34326,93.35518,8.198153,.,.,False,31.66853,0,False
18.35483,93.35518,8.198153,.,.,False,31.66853,0,False
18.36564,93.51353,8.218331,.,.,False,30.55407,0,False
18.37608,93.51353,8.218331,.,.,False,30.55407,0,False
18.388,93.67767,8.239716,.,.,False,28.73377,0,False
18.39839,93.67767,8.239716,.,.,False,28.73377,0,False
18.40915,93.85043,8.262671,.,.,False,29.79505,0,False
18.42083,94.01723,8.285231,.,.,False,31.37055,0,False
18.43001,94.01723,8.285231,.,.,False,31.37055,0,False
18.44047,94.01723,8.285231,.,.,False,31.37055,0,False
18.45352,94.18732,8.308682,.,.,False,30.29841,0,False
18.46335,94.35143,8.331721,.,.,False,30.90398,0,False
18.47439,94.35143,8.331721,.,.,False,30.90398,0,False
18.48421,94.52609,8.35673,.,.,False,29.83083,0,False
18.49529,94.52609,8.35673,.,.,False,29.83083,0,False
18.50736,94.69441,8.381042,.,.,False,31.75939,0.4525463,False
18.52647,94.85431,8.404128,.,.,False,30.61222,1.16934,False
18.53918,94.85431,8.404128,.,.,False,30.61222,1.16934,False
18.55041,95.02074,8.427927,.,.,False,29.08001,2.066797,False
18.55298,95.02074,8.427927,.,.,False,29.08001,2.066797,False
18.56005,95.02074,8.427927,.,.,False,29.08001,2.066797,False
18.57342,95.19397,8.452146,.,.,False,30.26368,2.929748,False
18.58565,95.3615,8.474617,.,.,False,31.48342,3.388354,False
18.59526,95.3615,8.474617,.,.,False,31.48342,3.388354,False
18.61777,95.5187,8.494565,.,.,False,30.42441,2.183869,False
18.62798,95.68179,8.513827,.,.,False,28.52419,1.800769,False
18.63979,95.68179,8.513827,.,.,False,28.52419,1.800769,False
18.64165,95.85276,8.53253,.,.,False,29.56014,1.288196,False
18.65221,95.85276,8.53253,.,.,False,29.56014,1.288196,False
18.66158,96.018,8.549143,.,.,False,30.9586,0.5407538,False
18.67368,96.018,8.549143,.,.,False,30.9586,0.5407538,False
18.6838,96.1939,8.56507,.,.,False,29.89223,0,False
18.69547,96.1939,8.56507,.,.,False,29.89223,0,False
18.70748,96.36359,8.578901,.,.,False,31.7917,0,False
18.71737,96.36359,8.578901,.,.,False,31.7917,0,False
18.72834,96.52554,8.590433,.,.,False,30.64609,0,False
18.74037,96.52554,8.590433,.,.,False,30.64609,0,False
18.75081,96.6946,8.600611,.,.,False,29.22293,0,False
18.76133,96.86057,8.608976,.,.,False,30.4876,0,False
18.77295,96.86057,8.608976,.,.,False,30.4876,0,False
18.78307,97.03712,8.616009,.,.,False,29.91133,0,False
18.79397,97.03712,8.616009,.,.,False,29.91133,0,False
18.80583,97.20738,8.621218,.,.,False,31.80455,0,False
18.81743,97.20738,8.621218,.,.,False,31.80455,0,False
18.82742,97.37006,8.624505,.,.,False,30.6617,0,False
18.83992,97.37006,8.624505,.,.,False,30.6617,0,False
18.85143,97.54005,8.626061,.,.,False,29.28821,0,False
18.86069,97.54005,8.626061,.,.,False,29.28821,0,False
18.87343,97.70097,8.62618,.,.,False,30.59835,-0.4778588,False
18.89333,97.86848,8.624917,.,.,False,28.96522,-1.223824,False
18.90609,98.04551,8.622548,.,.,False,30.15388,-1.70247,False
18.91632,98.04551,8.622548,.,.,False,30.15388,-1.70247,False
18.91902,98.04551,8.622548,.,.,False,30.15388,-1.70247,False
18.92838,98.2166,8.619706,.,.,False,31.86767,-2.538375,False
18.94179,98.38236,8.616697,.,.,False,30.79967,-3.041273,False
18.95255,98.38236,8.616697,.,.,False,30.79967,-3.041273,False
18.96434,98.55857,8.613499,.,.,False,29.84203,-3.886834,False
18.9765,98.55857,8.613499,.,.,False,29.84203,-3.886834,False
18.98835,98.7285,8.610869,.,.,False,31.72322,-4.787378,False
18.99999,98.7285,8.610869,.,.,False,31.72322,-4.787378,False
19.01988,98.89071,8.609033,.,.,False,30.59115,-3.605089,False
19.03073,99.06011,8.608013,.,.,False,29.19918,-3.19821,False
19.04181,99.22286,8.60798,.,.,False,30.49359,-2.782826,False
19.04396,99.22286,8.60798,.,.,False,30.49359,-2.782826,False
19.05538,99.22286,8.60798,.,.,False,30.49359,-2.782826,False
19.06734,99.39357,8.609139,.,.,False,29.29503,-1.825519,False
19.07727,99.39357,8.609139,.,.,False,29.29503,-1.825519,False
19.09029,99.55344,8.611259,.,.,False,30.72798,-0.9647401,False
19.10047,99.55344,8.611259,.,.,False,30.72798,-0.9647401,False
19.1119,99.71969,8.614774,.,.,False,28.77998,-0.1545188,False
19.12328,99.8951,8.619741,.,.,False,29.93063,0,False
19.13359,99.8951,8.619741,.,.,False,29.93063,0,False
19.14435,100.0646,8.625705,.,.,False,31.5865,0,False
19.15615,100.0646,8.625705,.,.,False,31.5865,0,False
19.16636,100.2265,8.632614,.,.,False,30.5224,0,False
19.17689,100.2265,8.632614,.,.,False,30.5224,0,False
19.18875,100.3949,8.641176,.,.,False,29.16713,0,False
19.19871,100.3949,8.641176,.,.,False,29.16713,0,False
19.20994,100.5694,8.651354,.,.,False,30.35531,0,False
19.22213,100.738,8.662396,.,.,False,31.46435,0,False
19.23204,100.738,8.662396,.,.,False,31.46435,0,False
19.2428,100.8991,8.674203,.,.,False,30.41167,0,False
19.25451,100.8991,8.674203,.,.,False,30.41167,0,False
19.26521,101.0667,8.687879,.,.,False,29.07917,0,False
19.27651,101.0667,8.687879,.,.,False,29.07917,0,False
19.28886,101.2393,8.703259,.,.,False,30.27654,0,False
19.29911,101.2393,8.703259,.,.,False,30.27654,0,False
19.31018,101.406,8.719327,.,.,False,31.18165,0,False
19.32211,101.5739,8.736844,.,.,False,30.14291,0,False
19.33286,101.5739,8.736844,.,.,False,30.14291,0,False
19.3438,101.7307,8.754366,.,.,False,30.39471,0,False
19.35556,101.7307,8.754366,.,.,False,30.39471,0,False
19.36563,101.8932,8.773926,.,.,False,28.39273,0,False
19.37696,101.8932,8.773926,.,.,False,28.39273,0,False
19.3887,102.0632,8.795688,.,.,False,29.45964,0,False
19.40046,102.0632,8.795688,.,.,False,29.45964,0,False
19.40998,102.2272,8.81786,.,.,False,30.84716,0,False
19.42237,102.4015,8.842807,.,.,False,29.79948,0,False
19.43364,102.4015,8.842807,.,.,False,29.79948,0,False
19.44326,102.5694,8.868008,.,.,False,31.6962,0,False
19.45647,102.5694,8.868008,.,.,False,31.6962,0,False
19.467,102.7297,8.893334,.,.,False,30.55109,0,False
19.47844,102.7297,8.893334,.,.,False,30.55109,0,False
19.4905,102.8971,8.921204,.,.,False,29.21311,0,False
19.50177,103.0534,8.948374,.,.,False,30.54943,0,False
19.51244,103.0534,8.948374,.,.,False,30.54943,0,False
19.52523,103.2154,8.977972,.,.,False,28.54845,0,False
19.53716,103.2154,8.977972,.,.,False,28.54845,0,False
19.54808,103.385,9.010233,.,.,False,29.65634,0,False
19.5575,103.385,9.010233,.,.,False,29.65634,0,False
19.57359,103.5486,9.042561,.,.,False,31.07088,0,False
19.58589,103.7217,9.078168,.,.,False,30.01546,0,False
19.59744,103.7217,9.078168,.,.,False,30.01546,0,False
19.60907,103.8884,9.113657,.,.,False,31.81075,0,False
19.61976,103.8884,9.113657,.,.,False,31.81075,0,False
19.63239,104.0497,9.149316,.,.,False,30.67311,0,False
19.64458,104.2209,9.188622,.,.,False,29.74163,0,False
19.65941,104.2209,9.188622,.,.,False,29.74163,0,False
19.66931,104.3856,9.227696,.,.,False,31.61288,0,False
19.68169,104.3856,9.227696,.,.,False,30.47611,0,False
19.69403,104.3856,9.227696,.,.,False,30.47611,0,False
19.70637,104.3856,9.227696,.,.,False,0,0,False
19.71693,104.3856,9.227696,.,.,False,0,0,False
19.72895,104.3856,9.227696,.,.,False,0,0,False
19.7419,104.3856,9.227696,.,.,False,0,0,False
19.75423,104.3856,9.227696,.,.,False,0,0,False
19.76528,104.3856,9.227696,.,.,False,0,0,False
19.77804,104.3856,9.227696,.,.,False,0,0,False
19.79078,104.3856,9.227696,.,.,False,0,0,False
19.80156,104.3856,9.227696,.,.,False,0,0,False
19.81515,104.3856,9.227696,.,.,False,0,0,False
19.82387,104.3856,9.227696,.,.,False,0,0,False
19.84058,104.3856,9.227696,.,.,False,0,0,False
19.85108,104.3856,9.227696,.,.,False,0,0,False
19.86305,104.3856,9.227696,.,.,False,0,0,False
19.87308,104.3856,9.227696,.,.,False,0,0,False
19.89005,104.3856,9.227696,.,.,False,0,0,False
19.90062,104.3856,9.227696,.,.,False,0,0,False
19.9127,104.3856,9.227696,.,.,False,0,0,False
19.92579,104.3856,9.227696,.,.,False,0,0,False
19.93628,104.3856,9.227696,.,.,False,0,0,False
19.95412,104.3856,9.227696,.,.,False,0,0,False
19.96222,104.3856,9.227696,.,.,False,0,0,False
19.97578,104.3856,9.227696,.,.,False,0,0,False
19.98825,104.3856,9.227696,.,.,False,0,0,False
19.99864,104.3856,9.227696,.,.,False,0,0,False
20.01037,104.3856,9.227696,.,.,False,0,0,False
20.02326,104.3856,9.227696,.,.,False,0,0,False
20.03538,104.3856,9.227696,.,.,False,0,0,False
20.04525,104.3856,9.227696,.,.,False,0,0,False
20.05739,104.3856,9.227696,.,.,False,0,0,False
20.06919,104.3856,9.227696,.,.,False,0,0,False
20.07928,104.3856,9.227696,.,.,False,0,0,False
20.0919,104.3856,9.227696,.,.,False,0,0,False
20.10232,104.3856,9.227696,.,.,False,0,0,False
20.11512,104.3856,9.227696,.,.,False,0,0,False
20.13703,104.3856,9.227695,.,.,False,0,0,False
20.14842,104.3856,9.227695,.,.,False,0,0,False
20.15919,104.3856,9.227695,.,.,False,0,0,False
20.1653,104.3856,9.227693,.,.,False,0,0,False
20.17464,104.3856,9.227693,.,.,False,0,0,False
20.18407,104.3856,9.227691,.,.,False,0,0,False
20.19579,104.3856,9.227691,.,.,False,0,0,False
20.20865,104.3856,9.227692,.,.,False,0,0,False
20.21948,104.3856,9.227692,.,.,False,0,0,False
20.23112,104.3856,9.227692,.,.,False,0,0,False
20.24283,104.3856,9.227692,.,.,False,0,0,False
20.25506,104.3856,9.227692,.,.,False,0,0,False
20.26665,104.3856,9.227691,.,.,False,0,0,False
20.2762,104.3856,9.227691,.,.,False,0,0,False
20.2885,104.3856,9.227691,.,.,False,0,0,False
20.29906,104.3856,9.227691,.,.,False,0,0,False
20.31048,104.3856,9.227691,.,.,False,0,0,False
20.32225,104.3856,9.227691,.,.,False,0,0,False
20.33303,104.3856,9.227691,.,.,False,0,0,False
20.34404,104.3856,9.227691,.,.,False,0,0,False
20.35653,104.3856,9.227691,.,.,False,0,0,False
20.36677,104.3856,9.227691,.,.,False,0,0,False
20.37774,104.3856,9.227691,.,.,False,0,0,False
20.38996,104.3856,9.227691,.,.,False,0,0,False
20.40043,104.3856,9.227691,.,.,False,0,0,False
20.41155,104.3856,9.227691,.,.,False,0,0,False
20.42362,104.3856,9.227691,.,.,False,0,0,False
20.43443,104.3856,9.227691,.,.,False,0,0,False
20.44531,104.3856,9.227691,.,.,False,0,0,False
20.4577,104.3856,9.227691,.,.,False,0,0,False
20.46791,104.3856,9.227691,.,.,False,0,0,False
20.47933,104.3856,9.227691,.,.,False,0,0,False
20.49129,104.3856,9.227691,.,.,False,0,0,False
20.50158,104.3856,9.227691,.,.,False,0,0,False
20.51348,104.3856,9.227691,.,.,False,0,0,False
20.52526,104.3856,9.227691,.,.,False,0,0,False
20.53564,104.3856,9.227691,.,.,False,0,0,False
20.54753,104.3856,9.227691,.,.,False,0,0,False
20.55946,104.3856,9.227691,.,.,False,0,0,False
20.57127,104.3856,9.227691,.,.,False,0,0,False
20.58186,104.3856,9.227691,.,.,False,0,0,False
20.59326,104.3856,9.227691,.,.,False,0,0,False
20.60519,104.3856,9.227691,.,.,False,0,0,False
20.61659,104.3856,9.227691,.,.,False,0,0,False
20.62633,104.3856,9.227691,.,.,False,0,0,False
20.6386,104.3856,9.227691,.,.,False,0,0,False
20.65026,104.3856,9.227691,.,.,False,0,0,False
20.65975,104.3856,9.227691,.,.,False,0,0,False
20.67629,104.3856,9.227691,.,.,False,0,0,False
